gene,mean,scale
A1BG,0.4388959755874533,0.94250342650122465
A2M-AS1,0.059623486733674569,0.37877275976954489
AAK1,0.46819764241113793,0.97935366091016751
ABAT,0.043064254964086827,0.31433715405081086
ABCA1,0.040699508526566931,0.31494350663360954
ABCA10,0.0049461725611805538,0.10835440892874443
ABCA3,0.013523656486606877,0.17172203659975471
ABCA5,0.11181467261063945,0.49608547898061506
ABCA6,0.0081573015547757102,0.13681234955516183
ABCB1,0.092381568202246647,0.45646929507857564
ABCB10,0.18902389874611383,0.59969037465042119
ABCB4,0.017780566335720064,0.20867196876376484
ABCB9,0.036612658754295688,0.27710089794279091
ABCC2,0.0026393618130866837,0.078015683225667001
ABCC3,0.014761458294911468,0.18092697115287101
ABCC4,0.14683039201680403,0.54885870984509177
ABCD2,0.0084189455985310621,0.14185065279854897
ABCG1,0.11724374954011781,0.51269771007453901
ABCG2,0.039939269878300578,0.29193001003516206
ABHD1,0.02636167741343131,0.24403127303201058
ABHD15,0.16041022474938435,0.60968627512613327
ABHD17A,0.35025782525436194,0.85503101624578159
ABHD4,0.052633596131282254,0.33401866544881864
ABI3,0.12607827035093888,0.53521067970081615
ABLIM1,0.21079608506165834,0.68958779957311278
ABLIM2,0.0024296865813267679,0.078049561800823661
AC002306.1,0.0030805562487070774,0.087203458075990198
AC002454.1,0.55113222392900352,1.0896190316865142
AC004490.1,0.0015402294621008139,0.058659213770762789
AC005253.2,0.018124255528475592,0.20148227855016884
AC007879.2,0.00099377075899899554,0.046987662070475819
AC009228.1,0.0023007264027262346,0.071934002497092531
AC015987.1,0.01119827134192593,0.15933485477870624
AC022182.1,0.0030343577001652861,0.087253861869857438
AC023590.1,0.07966969318299881,0.43056167499256232
AC062029.1,0.024731914199336756,0.23765837006837615
AC064834.1,0.00097536769743452017,0.047374312998273146
AC078883.3,0.016993387042160732,0.20018251051240027
AC083843.2,0.0044541990256337033,0.097413077864674874
AC104024.1,0.0042111629574282834,0.098189272798201471
AC104653.1,0.013554226957429019,0.17890013529031601
AC109826.1,0.017846585624312048,0.20683259203550555
AC112721.2,0.00057545273690665013,0.034958301955199757
AC116614.1,0.00063640724910837886,0.040471637569049923
AC123023.1,0.001848769160000849,0.068138569663525217
ACAN,0.0011140997463083076,0.051278836712007926
ACAP1,0.99167629843789595,1.2874128639545959
ACE,0.010780612841160483,0.15967602802296968
ACER1,0.0027915018310839578,0.079543698577730471
ACP5,0.1306193922477179,0.53780603815820782
ACRBP,0.052502409386106251,0.35453645930457106
ACSL6,0.028282904867068921,0.2455017345378159
ACSM3,0.29232108684506719,0.79844264244629026
ACTN1,0.4984516136025981,0.99044910820070309
ACVR1C,0.0059077142920377192,0.12151318295426215
ACVR2A,0.025767337457241024,0.24263973470888256
ACY3,0.13494132333798428,0.59059063239387555
ADA,0.90356591418501864,1.3228077134289657
ADAM19,0.076549372351395431,0.42985516122068645
ADAM20,0.0010749345984649632,0.050472351848317429
ADAM28,0.30240489298634221,0.80892173447370019
ADAM8,0.17474099524370268,0.63049418402927471
ADAMTS10,0.031393132768427194,0.26968368981917834
ADAMTS4,0.0027736227466382247,0.077018379392043423
ADAMTS6,0.029527979887429522,0.26408268771884735
ADARB1,0.12320239838194262,0.52130874928193327
ADCY6,0.026540662682274171,0.23528054084536848
ADD2,0.095127873967566806,0.43007915053106238
ADHFE1,0.037405511093044942,0.29315133641202257
ADIPOR1,0.52340950868776404,0.95598261744348589
ADIRF,0.0084341348286048057,0.15993798601911105
ADM,0.031149691707767213,0.2701102237303557
ADORA2A-AS1,0.035343475818407383,0.28413349123929688
ADPRM,0.26377891338797577,0.74446735772538086
ADRA2A,0.045943214000991495,0.32232931903446554
ADRB2,0.079624773585024136,0.42643557410023314
ADTRP,0.023748030644101151,0.2511043642525464
AEBP1,0.12963294192775249,0.55218718415191881
AES,1.2844494341708148,1.4032492488323407
AFAP1L2,0.019414501679666483,0.21495785064058262
AFF1,0.31109505837566054,0.79002019889589903
AFF3,0.30821768022123064,0.82274531349526636
AGAP2,0.087326705033848595,0.43873193966659746
AGPS,0.32721592763701518,0.80247574640311947
AHNAK,0.58063887289727201,1.0865393492611382
AHR,0.18780944275157455,0.63083548991021965
AHSP,0.59920101105679136,1.3993220406918707
AIF1,2.3064317221339654,1.8167808768442786
AIM2,0.010911042922632817,0.16187284424334139
AIRE,0.005987575353952502,0.12464272382614591
AK1,0.16330001218450718,0.5881967906192157
AK4,0.11821730063048515,0.49231156946754701
AK5,0.055860019565628284,0.36710130899571186
AK9,0.13076067893003393,0.53652741217415756
AKAP12,0.13682007111233088,0.64415268016652227
AKAP5,0.02103705544141319,0.22230952463499251
AKAP6,0.0097206203747469133,0.14980742091866278
AKNA,0.42215610330593906,0.93545223179516412
AKR1A1,1.1982326700478041,1.326651296146574
AKR1B1,0.96968600293807972,1.2605607774304282
AKR1C3,0.77908622596819899,1.2183648454744282
AKT3,0.097506860500401291,0.46650586951730177
AKTIP,0.07768650754396822,0.4307518789325871
ALAD,0.32687603004052634,0.78845118264088532
ALAS2,0.20190722874802794,0.70468102072866223
ALDH1A1,0.5995391903051398,1.1403517381759074
ALDH2,0.47988295365953881,0.98060777167881441
ALDH8A1,0.0029180225427811084,0.079256186626140007
ALDOC,0.085328996542709909,0.43283967706137866
ALOX12,0.019382821719904023,0.20397305382562911
ALOX5,0.064143012379154277,0.39179073246143681
ALOX5AP,0.6026139896080468,1.1971714789821637
ALS2CL,0.0079793277279239672,0.1392761112241164
AMIGO1,0.0052499343854407882,0.11081914590382853
AMIGO2,0.024025554016132319,0.23519548168333715
AMN1,0.073621853828377562,0.39991447516046019
AMY2B,0.026051756232590397,0.2431889360763258
ANGPT1,0.23665265399192917,0.73362308206054427
ANGPT2,0.065253053433950797,0.38997960664134124
ANGPTL4,0.0082487750970727195,0.15270588056612386
ANK3,0.029936834000121343,0.27091912161465542
ANKDD1A,0.02761823803929097,0.25147017981599012
ANKRA2,0.18051433737721811,0.6156124420115151
ANKRD28,1.447544335445764,1.5524266577539065
ANKRD29,0.0066725853118503407,0.12063466088163229
ANKRD31,0.0041066868012019607,0.099121283717509834
ANKRD37,0.066214153057564673,0.38330844403526743
ANKRD44,0.3976491386316342,0.91747004248741371
ANKRD55,0.0068260965351661131,0.13253784005027436
ANKRD6,0.017676088888403791,0.20146654420986859
ANKS1B,0.0040092033480095537,0.098200753826807097
ANKZF1,0.211238016784009,0.66661925580628811
ANO9,0.034206495774677007,0.29045488633753502
ANTXR2,0.18088291998573952,0.62509262891552098
ANXA1,1.9429700529984328,1.6507241675205655
ANXA2,0.89324936936191757,1.3818837112360931
ANXA2R,0.24855732622888962,0.73907727063348561
ANXA3,0.036024179946803965,0.27607184622315378
ANXA5,0.77788857773574704,1.190568626384944
ANXA6,0.71084863283592581,1.1488290516358159
AOAH,0.17773950733449315,0.62990614150253732
AP000442.1,0.0043877822705487932,0.099336426998428054
AP001189.4,0.0060361676712891573,0.12210353802619182
AP003774.1,0.035458646853813419,0.290591769404897
AP1S2,1.0022549842630821,1.3060878376351248
AP1S3,0.059691620837721761,0.36341257529228216
AP3M2,0.21903562942563926,0.69153756303549196
AP4B1-AS1,0.0075123169941094968,0.13181371179779133
APAF1,0.15785219691531385,0.57637231328260119
APBA2,0.09320231429195909,0.47067843536886633
APBB1,0.057919783917769009,0.3718062131531143
APBB2,0.0323144282710328,0.29006737360650447
APC2,0.0029655223830076342,0.081994558799102599
APEX1,1.8924897205707594,1.514764322989627
APMAP,0.55217384127340341,1.0079692300046066
APOBEC3A,0.035114624307906302,0.29855561124563995
APOBEC3D,0.03159612198565475,0.26921153599640507
APOBEC3G,0.40454885384827144,0.89931987329313723
APOBEC3H,0.024277510053798867,0.24298822682858542
APOC1,0.40829660693035436,1.1214624042031942
APOE,0.13485821001138076,0.6129036007307237
APOL3,0.22044618287868506,0.67495953748749793
APOL6,0.19827851318892939,0.66044421397135988
APOLD1,0.096980256532173001,0.45701296051940643
APP,0.59320662526912504,1.0941547317754419
AQP10,0.006886839772032455,0.12375194722954351
AQP3,0.13156605066548557,0.57486845996983427
ARAP2,0.15385479254289777,0.5958379511401557
AREG,0.94417753054504849,1.594161303014461
ARG1,0.0052877209391064221,0.092087086899673765
ARHGAP15,0.90967559945029264,1.2242534699200303
ARHGAP20,0.0025246032060443273,0.07705323145171955
ARHGAP24,0.051294428839548031,0.36887883005346744
ARHGAP25,0.26696590500369433,0.75292607884488116
ARHGAP44,0.015037803567094506,0.18681383620740791
ARHGAP5,0.33131064795533871,0.81443887994806063
ARHGAP6,0.039408713194683982,0.2967676832541799
ARHGAP8,0.0065697846908777209,0.12436237481610461
ARHGEF25,0.0029732261897509504,0.082684936429742936
ARHGEF26,0.023539645711548533,0.23100954849625344
ARHGEF3,0.12470842599706883,0.52853282770805143
ARHGEF35,0.010515183598914101,0.15216250439632581
ARHGEF4,0.0051744527775328068,0.110935642303751
ARHGEF40,0.10194764756424619,0.47782766285311806
ARHGEF5,0.0075038056192034139,0.13132107987059199
ARID5A,0.49161270786353267,0.98037294055860635
ARID5B,0.32099192162227297,0.8668705637683537
ARL4C,0.57389253873557389,1.1504955225136464
ARL4D,0.027943120870812327,0.24920350408661587
ARL6IP1,1.2192640274625499,1.3563167293875096
ARMCX1,0.24953456119754175,0.71927192841590903
ARMCX2,0.045444010969835975,0.3184697979270969
ARMCX4,0.02597514743941164,0.2403941858302949
ARNT2,0.0045591053313439028,0.1017961876074239
ARNTL,0.055906751045442821,0.36188241960170381
ARPP21,0.1229999626208778,0.60017960819725935
ARRDC2,0.25737219913724468,0.74050647463798247
ARRDC3,0.58065808678609077,1.0691257064543016
ARRDC5,0.025412461244785561,0.25173651790987966
ARSA,0.14356118198447504,0.55117122576563438
ARSG,0.060528548299930339,0.368317278956866
ARV1,0.38366039714320593,0.85127866479831527
ASB15,0.0076792721235720536,0.13766257274972896
ASF1B,0.31475434163722532,0.78624042541882411
ASGR1,0.13974533189390895,0.54353012144631518
ASIC1,0.00089951370619963404,0.047168885203920395
ASIP,0.014842577125322408,0.19045073623496242
ASPM,0.27127367347112585,0.75754481339067481
ASRGL1,0.36133003551160081,0.83313125281661948
ATF3,0.19556410714489159,0.65662173927719103
ATF7IP2,0.97232003429507563,1.2924818130016948
ATG2A,0.18885220939773742,0.64873884020307782
ATG9B,0.032960346218904542,0.27506773690194625
ATM,0.51462104437877698,1.0211306251619832
ATOX1,1.0882797408430358,1.2864528101328321
ATP10A,0.046740694520809728,0.32533715028594151
ATP1A3,0.03877629360740957,0.29430570907613846
ATP1B3-AS1,0.001377443776092146,0.05767173133870878
ATP6V0A2,0.34360392054591848,0.82298853172544029
ATP6V0E2,0.31520644579607104,0.79851022705627739
ATP6V0E2-AS1,0.0067393196639326932,0.12468786213624306
ATP8A1,0.19322816402057996,0.66099426983715426
ATP8A2,0.015633726352512728,0.19126782262495201
ATP8B1,0.011584406977006776,0.16607493832281006
ATP8B2,0.057844834783788435,0.36434218325690471
ATP8B4,0.28354138637978082,0.78428761202742003
ATXN1,0.13708336802239071,0.55658182405636891
AURKB,0.33235247086028086,0.84880932055914771
AUTS2,0.099543669025852002,0.46841906792158189
AVIL,0.024628746778798893,0.23726550916312503
AVP,0.38872406802302006,1.1127188083498138
AXDND1,0.0016866849830617339,0.060679905785146662
AXL,0.03672247032911332,0.30333919235858187
AZU1,0.50840472156393024,1.3912471490057976
B2M,5.7036232102123279,0.80305938794020004
B3GALNT1,0.1367849374849304,0.51656896456634283
B3GALT4,0.077634369927021038,0.41483879918547167
B3GAT2,0.13639157438396379,0.55010240524610832
B3GNT7,0.076374718059976712,0.42120680623778495
B4GALT1,0.32581614418616889,0.83816970615278652
BAALC,0.30833216464923424,0.82319517760533045
BACE2,0.049759375620634629,0.32148714237554576
BACH2,0.15597264497911661,0.6259490983662489
BAG3,0.038136476266466691,0.28785189152704554
BAIAP3,0.0065432488250499301,0.12710303863411426
BAMBI,0.008452553668583598,0.1388315334097199
BANK1,0.219651373594629,0.71181968462092982
BARX2,0.0026324654601697986,0.075593116933059798
BASP1,0.30741280120658138,0.81636779014421268
BATF3,0.043695945089587192,0.30769576870302845
BBC3,0.082142229232115754,0.41823343337008329
BCAS1,0.0019632378030132519,0.068035930532315325
BCL11A,0.98156061721228938,1.3119148828154967
BCL11B,0.12392812643212554,0.57436866011748577
BCL2,0.30701595568137652,0.80843990212940997
BCL2A1,0.19237936318422549,0.66804040109082485
BCL2L1,0.24569004781631731,0.69322054043427073
BCL2L14,0.0050029554125117599,0.10620194135174091
BCL2L15,0.0076762663103488813,0.13317453134827348
BCL6,0.086123582456062858,0.4358709706496916
BCL7A,0.52934876395312414,1.016767418677446
BCL9,0.023031116982879841,0.22834874314651341
BCL9L,0.063382068559008325,0.38981648255079149
BCO2,0.034617219723565296,0.27784306785038171
BEST3,0.017006304146170641,0.21001188520582439
BEX1,0.25454293615286855,0.8238439120990092
BEX2,0.66847134107833739,1.1485895724010589
BEX5,0.13609858151769869,0.55632897316473162
BHLHE40,0.2543522878705245,0.74454420526376919
BHLHE41,0.012025223121248374,0.16527432061155259
BIK,0.08650669116768922,0.43191666485697866
BIN1,0.54987926341842686,1.0536450893021378
BIRC3,0.2653796611291907,0.80337007290936691
BIRC5,0.58986081193327911,1.1183051020103247
BLK,0.09383770211627529,0.49552800556175991
BLNK,0.34428779056397313,0.89989567282921001
BLVRB,1.1082191713857028,1.5276717178608159
BMP3,0.010022212027564443,0.17099583658940051
BMPR1A,0.0074608790851816301,0.13429810322573746
BNIP3L,0.85229223080542504,1.1799900768521241
BNIPL,0.0045985305447713452,0.10104318142179028
BOLA3,0.73355568646818026,1.1253686428805765
BPGM,0.22830608380432163,0.6633804467915716
BSG,1.5585205618899443,1.3830136761699412
BST2,1.5211795469919396,1.4838111558602296
BTBD19,0.011220897825836625,0.15747472396699194
BTG1,2.1673028664833547,1.6662208517742536
BTG2,0.78885285114401382,1.242373425456323
BTLA,0.048165011465237828,0.33094709293205887
BTN2A1,0.1430552673593205,0.55577915516945442
BTN2A2,0.080124976760121883,0.42244779029651447
BTN3A1,0.1261913834896424,0.53272232659045748
BTN3A2,0.43998860507756277,0.93368647954990813
BTN3A3,0.10797159393693195,0.48892569464151936
BTNL9,0.003391015239845608,0.08978080996281762
BUB3,1.0435059077467574,1.2741068924804082
BZW2,1.0740110511896792,1.2988996584430579
C10orf10,0.060927507008515125,0.41274960530323257
C10orf91,0.0080384743848473175,0.13884222481343317
C11orf74,0.46835865514733493,0.94481489156851839
C11orf96,0.019452060979240869,0.22032137304999125
C12orf42,0.012433968480354399,0.17981155683706845
C12orf60,0.022485623968010193,0.2250140727155556
C12orf75,0.92813676251565846,1.3666263537737451
C12orf76,0.34861402947804976,0.8401446820365126
C14orf28,0.038525975388171534,0.29292436816613038
C15orf48,0.012880570763093339,0.17472410236518418
C16orf54,0.50344721189434904,1.0085677242221092
C16orf74,0.19732504177449264,0.67240307703594304
C17orf51,0.0076856705882912407,0.13294744522454655
C19orf33,0.017205804782704764,0.19343057728893348
C19orf38,0.20555760069630286,0.66185320693552085
C19orf66,0.37429056345906514,0.8663043509161884
C1QA,0.014000409058181803,0.20241231409724966
C1QB,0.0070510020816877388,0.13929647176281093
C1QC,0.001691370388454872,0.065982585814688285
C1QTNF4,0.55448577578582436,1.2189643920257724
C1QTNF6,0.019206377870562022,0.20659434177761229
C1R,0.037914608534188474,0.29818109109335322
C1S,0.013468309654119083,0.19097362703362683
C1orf115,0.0047215031763601827,0.10528064833784995
C1orf162,0.76961194941589484,1.2088997785539346
C1orf21,0.42716717438440566,0.91332021381740036
C1orf220,0.0067722402852494808,0.12633729301423205
C1orf54,0.18092484392770611,0.64243061107206567
C1orf56,0.33473451920432956,0.86379143843368633
C20orf27,0.92725285829538207,1.2376879514250794
C21orf62,0.014031257854505576,0.17936969941373057
C22orf46,0.11276610827269117,0.49148751096119814
C2orf40,0.011714168101874957,0.16661229883736561
C2orf48,0.043937296803969593,0.29670737019153548
C2orf50,0.0010213093140172709,0.04783751497495857
C3orf18,0.016549750953081015,0.19323956565935391
C3orf49,0.0014100947356672502,0.057625954054572
C4BPB,0.0017933595012143632,0.063623026095273413
C4orf19,0.0012525439246200921,0.054434120689057716
C4orf48,0.70645107261655915,1.1508713803881336
C5AR1,0.056197478933182818,0.38721470918144973
C5orf56,0.25472679622676225,0.75902890790580302
C6orf132,0.019608551822134779,0.2085572720026807
C6orf48,2.4496611373723787,1.5653137541136442
C8orf34,0.0012350455224979448,0.053544627731004435
C9orf139,0.083972979682262625,0.43959446549108633
C9orf43,0.2223200958378731,0.69672811729177186
CA1,0.59913841574228632,1.3824405154706441
CA11,0.071454050548188985,0.40150878323800038
CA2,0.34871909157561781,0.93540723134531523
CA3,0.030544013662716921,0.24242587305794022
CA5B,0.15467196715503795,0.5811753625721362
CABP4,0.013590314135703146,0.18025166179221627
CACFD1,0.017188108338919209,0.19840059689392264
CACNA2D3,0.057148403588207108,0.35224295496021191
CACNB2,0.0085004471627427615,0.1402971934551738
CACNB4,0.032478939864533797,0.26965893804840396
CACNG8,0.0036753334892721326,0.093243213230757557
CADM1,0.012794873288589704,0.16734027793484973
CALCOCO1,0.18476521480129604,0.62978756682407044
CALD1,0.028143314808483658,0.28073654311757673
CALN1,0.099803595215743904,0.47295318055030133
CALR,2.2118223946714317,1.6020685611080743
CAMK1,0.067262404640855616,0.38031719630362043
CAMK1D,0.20675484321335066,0.67043330037268134
CAMK2D,0.091536142909434542,0.46791422899039059
CAMK4,0.096571864326135237,0.49904843949819694
CAMLG,1.2652379640740354,1.3540864081856692
CAMSAP2,0.0040237187040048838,0.096104832343563901
CAPG,0.88265758239928283,1.2778936452829066
CAPN12,0.052363033257887742,0.36215607665469224
CAPS,0.052043919275287308,0.34491725657386962
CARD11,0.096704777280327711,0.47129754587044631
CARF,0.11787051642546952,0.51152681081848272
CARHSP1,0.96184157165743922,1.254569719543654
CARNS1,0.013513141835894209,0.18141985928011861
CARS,0.20602684224433826,0.64493821103632454
CASC15,0.090523810793249865,0.46020777972305937
CASK,0.069214710294532536,0.3975714363154727
CASP3,0.33481609465258017,0.8210822452694585
CASS4,0.025745069964634486,0.23990527417916821
CAST,0.849457313969186,1.2254829714031228
CASZ1,0.028655255271686331,0.25522887995274607
CATSPER2,0.085461638552165362,0.43338858438557287
CATSPERB,0.0013009097750661103,0.057960241159381878
CATSPERG,0.017888288205061893,0.20222170282415208
CAV1,0.028371440943975819,0.26195621604146724
CBFA2T2,0.10659031047197841,0.48529243175006104
CBLB,0.14882713603187808,0.5841764636569825
CBLN3,0.0064428605763046237,0.12610920029483005
CBX7,0.094908331976493315,0.46772297780159727
CCBE1,0.0084904503529301852,0.13759168428772131
CCDC102B,0.072096582267636017,0.39780960509343039
CCDC112,0.32852428033264963,0.8130590564251976
CCDC114,0.0040794510290369677,0.095540877840401578
CCDC126,0.077102509435308497,0.40643744224177186
CCDC141,0.024667040330131517,0.24532484095572607
CCDC142,0.035126824911127043,0.27691511733323743
CCDC146,0.07035941411086237,0.40149059955892019
CCDC151,0.010766331998095976,0.1590789586619952
CCDC152,0.20965876149086615,0.66235688472952658
CCDC167,0.59022645487518299,1.034865681702493
CCDC180,0.031671636065082054,0.26338714762618554
CCDC26,0.07707184710080571,0.39327462706917432
CCDC28B,0.50591042140512543,0.97230087956138933
CCDC30,0.04697830662856789,0.32513835557881177
CCDC42,0.078129920009894216,0.42700176802726919
CCDC50,0.40086557334976364,0.95609214450312419
CCDC65,0.019015648817185545,0.21893479640637262
CCDC80,0.01760075877310505,0.21267226079235643
CCDC85C,0.015998088477030544,0.18831285641231776
CCDC88B,0.17035858452607458,0.61588773810875053
CCL2,0.01136939489340405,0.19640167680079978
CCL23,0.038303481901728907,0.29212754287765602
CCL28,0.16378377380516473,0.59329524139807643
CCL3,0.18633469386167792,0.73554922813324686
CCL4,0.22771944648570974,0.85865825718281508
CCL4L2,0.044794818007886116,0.36774903216488247
CCL5,0.51752124112998665,1.3873625142084653
CCNB1,0.34265799300142208,0.85906049971859333
CCNB1IP1,0.78632652463289354,1.1622528074203766
CCNB2,0.41259505497492155,0.91881506647747613
CCND1,0.03406135299876499,0.26959005204450004
CCNDBP1,0.9376541840142345,1.2056699877134147
CCNG2,0.1936316100853058,0.6517818557154581
CCNJL,0.005388249173975933,0.1151345175865099
CCR10,0.016132797048972095,0.19538313387279471
CCR4,0.0054214555668217297,0.11568914004851072
CCR5,0.013148243288292194,0.17325338336761176
CCR6,0.024702805965792794,0.25281028204780231
CCR7,0.13995888938306103,0.61003657101722752
CCR9,0.0062959873523311958,0.12619507267777796
CCSER2,0.25331429985940046,0.73773590983958981
CCT6A,1.4780855306454619,1.4224632183471702
CD14,0.12272692275195433,0.58902557643349207
CD160,0.072709687633427625,0.45689071550102545
CD164,1.7326150956819328,1.4912003808301857
CD19,0.10654125873455005,0.52570080255907359
CD1C,0.03804977928041206,0.31452409228413358
CD1D,0.053245713696396746,0.3449157066003789
CD1E,0.0089058749033200761,0.13821370482872994
CD2,0.37108314811724014,0.96839250606668981
CD200,0.12860523724166215,0.53867737398912052
CD22,0.14260079337451806,0.58790374080185182
CD244,0.12879511473065863,0.53178776334495614
CD247,0.24836209673241491,0.82295533183424885
CD248,0.0087793936234931563,0.14513680698590048
CD27,0.23906285986187922,0.81118126404186119
CD28,0.048891823256425368,0.35566654188932373
CD2AP,0.36928218343651381,0.84611460766002833
CD300A,0.32694243766792908,0.82248255291947059
CD300E,0.037567759222724317,0.30064919725169997
CD34,0.63030605917399229,1.1436640017879902
CD36,0.40687182004183253,0.95216343271479431
CD37,2.1898700817402572,1.5109337569928716
CD38,0.61900504323235672,1.0884794255225314
CD3D,0.49429346865291318,1.2070873940864355
CD3E,0.49069443934256152,1.1757101736810378
CD3G,0.25079212308186999,0.83718548013716243
CD4,0.14630056407150591,0.57722712912588681
CD40,0.10840043111236257,0.49813128417404406
CD40LG,0.075824858378556986,0.42670262245392238
CD48,0.91573277148503818,1.3257349562996867
CD5,0.09060637219306561,0.4828510981358865
CD52,2.0683620351461496,1.823991397380796
CD6,0.15006326501004572,0.62599210777235448
CD63,1.8382160152526374,1.5167785663707549
CD68,0.23248177560336836,0.74422227242566874
CD69,1.2107929120502632,1.5650292655570515
CD7,0.53176804711427406,1.1656040438301374
CD70,0.014171184194972724,0.19016980150556775
CD72,0.15020850114815265,0.61742146687316968
CD74,3.8827464997914105,1.7974081486597773
CD79A,0.55134354404578456,1.2787132103252963
CD79B,0.78535883555279462,1.4487835912099032
CD81,0.55233125811261996,1.0868253732335633
CD83,0.254601394170137,0.76415078467893971
CD84,0.43933486272593886,0.94101165056861691
CD86,0.12185854005400369,0.51925448439380384
CD8A,0.15207243500245907,0.67262821664442651
CD8B,0.15808881306151246,0.70446301923723798
CD9,0.36768003520419512,1.0086452996399928
CD93,0.076186371727773136,0.41881776397618542
CD96,0.20450068448441347,0.70342755751125141
CD99,1.6249026059805882,1.534755776545802
CDA,0.079052286661330129,0.44422741931843324
CDC14A,0.10117764889722429,0.47366951553464592
CDC14B,0.01989956637838752,0.21352413527836203
CDC20,0.31097555394709586,0.82821244220182133
CDC25B,0.30453333621469642,0.82199456979819985
CDC37L1,0.12740396224192496,0.52346168950781269
CDC42BPA,0.19710351126509448,0.63200505363787018
CDC42BPG,0.007990829216055418,0.13364857242575193
CDC42SE1,0.53817490983427829,1.0263536723573774
CDCA3,0.19311705956032785,0.62053557817610994
CDCA7,0.69916405747338206,1.1511794878865436
CDCA8,0.20466344441338,0.6319916328025057
CDH20,0.0018853709003529822,0.067103705953947004
CDH23,0.035136108463558621,0.28065837842469404
CDH3,0.0017385100004199793,0.063015903976945759
CDH7,0.016865404940083741,0.20336995434163391
CDHR3,0.021839340789915306,0.24929998394162015
CDK2AP2,0.65258366439837812,1.0939948972657045
CDK4,1.2204067096586682,1.4036442557707549
CDK5R1,0.02133416383649081,0.22335584264934788
CDK6,1.4516482571350011,1.5388854453414309
CDKN1A,0.13325739920659391,0.5479619313134384
CDKN1B,0.3172292616105763,0.81246602811510049
CDKN1C,0.055000276649371418,0.37466916176834514
CDKN2A,0.047133699801154831,0.32848775932443364
CDKN2D,0.5639243302721999,1.0772879663591131
CDKN3,0.44226031607924909,0.95198481647040656
CDNF,0.0088878493439101345,0.14114826179315124
CEACAM1,0.022452541223840428,0.22859741071372305
CEACAM21,0.052905333067845152,0.34513539104419222
CEBPA,0.22676586218893127,0.70908950642225388
CEBPB,0.54212780162027296,1.068070062592531
CEBPD,0.38030754301527281,0.95879388451671244
CEBPE,0.036468857946484592,0.30463341325778481
CELA1,0.018307037153720469,0.2093589669688562
CELF4,0.010362572645739559,0.15625139061625706
CELF5,0.0059223526334571544,0.11935904510347206
CELSR1,0.006682141035857945,0.12799035291656499
CENPF,0.68092816247205556,1.2171360719292781
CENPH,0.71915669506526392,1.1231853205947187
CEP170B,0.0024619070504326404,0.075057892088440173
CEP290,0.34226202515329612,0.83199125112824213
CEP55,0.11818979170173154,0.48933703414007174
CEP68,0.25034428746926773,0.72304773091050356
CERS4,0.1080134093413376,0.49293292907321556
CES1,0.11526691301551202,0.53907585572499073
CES4A,0.035588671321064129,0.28655104973712126
CFD,0.6000927649547152,1.2488784560635322
CFH,0.089836916204236103,0.44936523857678701
CFP,0.30000244447048402,0.83662174870839734
CHD7,0.060082503954731394,0.38117619526080593
CHGB,0.0042710912726865551,0.097910122765279925
CHI3L2,0.036221824062771503,0.30873624998759897
CHIC1,0.027908593875582983,0.25066073629788943
CHMP7,0.18791544566820989,0.62952654249745676
CHN1,0.0084176174039112834,0.14838004157573748
CHPF,0.053885299616043082,0.35378281392647049
CHRM3,0.079336067504177613,0.42204259195261301
CIB2,0.076642767685129273,0.40935744972584465
CIITA,0.17388303416412507,0.61179231867070161
CISH,0.064012707225306012,0.36705322406330571
CITED2,0.75592167169936297,1.2004794488307911
CITED4,0.16200323203906045,0.60688219821343281
CKAP4,0.10089588250580134,0.48497448638418211
CKB,0.16144606653645704,0.60048874028252841
CKMT2,0.0027661713525332136,0.083763492638446152
CKS1B,1.0216364518547605,1.3686976562659936
CKS2,1.1619768381354529,1.4115592586333956
CLC,0.096608004947033921,0.66501114441692255
CLCF1,0.010789301365547156,0.15919925113916089
CLDN10,0.24553691165513772,0.73397011891366537
CLDN3,0.0030919245274188181,0.084437401507939727
CLDN5,0.017976337529421904,0.20952068681439187
CLDND1,0.44688416312773666,0.93241166547304299
CLEC10A,0.067244212325947461,0.42753683030472051
CLEC11A,0.91082232660238505,1.4185028658566905
CLEC12A,0.28100439806101302,0.78292610767592996
CLEC14A,0.030736792255113315,0.28602604812441307
CLEC18A,0.0079377464762390975,0.13706140225282909
CLEC1B,0.031388023067469378,0.29030273192703476
CLEC2B,0.96447521663097802,1.2870136736391893
CLEC2D,0.50084800865047618,1.0459197102694358
CLEC4A,0.12899734530606272,0.53734672981281184
CLEC4C,0.05222947223320297,0.36260737146931676
CLEC4E,0.022083512472407821,0.23194892751507612
CLEC7A,0.14782643459123629,0.61039591916319202
CLEC9A,0.1044685414850554,0.49896029839282197
CLECL1,0.094549201089928522,0.45878039710031782
CLGN,0.13266022301415542,0.51760511758253025
CLIC3,0.16315873016266164,0.68791755081928396
CLIP2,0.096571968149598938,0.45788819794419805
CLIP3,0.018091955301681006,0.2072905841306395
CLK4,0.21905391762825996,0.67848864509403872
CLMN,0.030453269327213817,0.26371379029999076
CLMP,0.0058273764121894271,0.11686604156021167
CLN8,0.27875156413454899,0.7581832747729661
CLNK,0.053999671644345965,0.36501246226899697
CLSTN3,0.060476102707438958,0.37287375137144274
CLU,0.38789942667597527,0.94136333726667132
CMC1,0.76853854855134351,1.2371751435968212
CMKLR1,0.0094061334227693218,0.15068094554014261
CMTM2,0.021027498999009138,0.2203435793919821
CMTM5,0.057362661470890593,0.39774436001257274
CMTM7,0.6801020108047503,1.1389330327547718
CMTM8,0.19226297307406648,0.69990009176985835
CNFN,0.057703951815990757,0.35591637150422145
CNKSR2,0.011417896416560123,0.16203533338928444
CNN2,0.77387293740634466,1.1707374603326013
CNN3,0.092752783848581738,0.44878138617710289
CNOT6L,0.42377004782188821,0.9211813627042732
CNR2,0.024165969629098952,0.24562008296845053
CNRIP1,0.35976065385818823,0.95443178629654091
CNST,0.27742988501487037,0.75677148428476304
CNTNAP1,0.0021624023150044287,0.072690973924270486
CNTNAP2,0.010456537226192365,0.16992096378754934
COBL,0.016599018154298407,0.19947547805579408
COBLL1,0.12217318188365434,0.52559041333025336
COL11A2,0.0019823898581345649,0.066980277860912249
COL1A1,0.0063744751721217857,0.12272455746365485
COL27A1,0.0063331391561935509,0.12261734398852181
COL4A3,0.0018760428554035378,0.066712625833264746
COL5A1,0.038945449436116449,0.29770468814649481
COL6A1,0.011260778481361942,0.16677866101036312
COL6A2,0.035378432351977712,0.30957963021649504
COL6A3,0.0097582045748527309,0.1454331777158212
COLQ,0.012670068915040687,0.17279093579281743
COMP,0.0031137070665050609,0.087077918540258259
COMT,1.3441403470111328,1.3761648269231341
CORO1A,2.1129768027238427,1.6290890885428708
CORO1B,0.46670775719448887,0.94918013608413032
CORO2A,0.043783923449026249,0.31664936882298406
COTL1,1.2769959279493943,1.5652207159401681
COX6B2,0.005309654438075526,0.10845539517872561
CP,0.013685967776993428,0.22682777130137544
CPA3,0.29747998429263867,0.84408890559023719
CPA5,0.014110281445258518,0.19546865966348345
CPLX1,0.0082919991984907772,0.13824496298306155
CPNE2,0.10965215395487211,0.49193639234128167
CPNE3,0.63821667688928785,1.0706191451923239
CPNE5,0.022099368132050334,0.23365389489082983
CPOX,0.15011220360711675,0.53382170449114175
CPPED1,0.32699423890889456,0.80664782408673752
CPT1B,0.0069122722168403266,0.12540962852428331
CPVL,0.46084528999814045,0.9628061992589072
CPXM1,0.27637670949529453,0.74452239350724014
CR1L,0.043427212344290422,0.26019141954640657
CR2,0.0071081822123240657,0.13016962778126931
CREB5,0.045283498170784281,0.314700545832232
CREBRF,0.40940544572239246,0.91335762211349036
CRELD1,0.1271950132426965,0.52322297240277571
CRELD2,0.42550452846514925,0.91421187752308852
CREM,0.35927561212994058,0.86912303727163398
CRHBP,0.38378778211618136,1.0185228762480467
CRIM1,0.047214869146977777,0.33413174525000433
CRIP1,0.53848190676367047,1.1267206057700081
CRIP2,0.040846503552128065,0.32927905332013996
CRISPLD2,0.02042456802607813,0.22039023262259685
CRNDE,0.1356234174699083,0.52721533839442014
CRTAM,0.033654101241518852,0.28984058360672493
CRX,0.0057111187444860313,0.11427933221881414
CRYGD,0.39892231805247896,0.91527765737637823
CSAD,0.13187279555863871,0.53313511484821763
CSF1,0.12995909657747964,0.5502226077199126
CSF1R,0.11385646887407402,0.50425909077198316
CSF2RA,0.12507136318274362,0.52190436807264684
CSF2RB,0.25480024946962671,0.75966785782208002
CSF3R,0.5977513102847819,1.1397559072958299
CSGALNACT1,0.076120121592601772,0.42837509734325979
CSRNP1,0.38087059308478116,0.8900454348489758
CST3,1.7482996682756025,1.8317132553953124
CST6,0.0027808901664964163,0.083389807392498169
CST7,0.58015312627995019,1.2387402302979718
CSTA,0.59197392678676863,1.2876936400470389
CTC1,0.050813833139409292,0.33815883645637856
CTGF,0.0316794072953554,0.30609636666739176
CTLA4,0.018333687689280554,0.21922908758395376
CTNNB1,0.61367943388513435,1.071790389265439
CTNNBL1,0.74661338773810337,1.1657495265670528
CTRC,0.001484096398330588,0.057901058398186815
CTSD,1.0611386280313337,1.3041414460121268
CTSE,0.042804867638309305,0.27638180949367724
CTSF,0.15693233622798466,0.58957643123168468
CTSG,0.53062439484264612,1.2507654100801746
CTSH,0.24060279914443117,0.74215258456414424
CTSS,1.1739728368721118,1.4139129834213002
CTSV,0.025696824466841378,0.23519718713943014
CTSW,1.1416483630784224,1.418861049371021
CTSZ,0.43005096079347704,0.95076236864082464
CTTN,0.050504145572997726,0.31682656565402145
CUBN,0.01442164389480194,0.18590730304012701
CUEDC1,0.020355552162740077,0.21615085704313938
CUZD1,0.0042079852076519642,0.097250651757850901
CX3CR1,0.031240995160599399,0.27120448083487336
CXCL1,0.0052155155078646136,0.11176371730937308
CXCL10,0.0029466910736862103,0.090374512720095876
CXCL12,0.026378785528977679,0.37918786190706261
CXCL16,0.068722512308664233,0.40563070520525318
CXCL2,0.15641412377628652,0.66410192701206794
CXCL3,0.12293394938249926,0.57407710733874584
CXCR3,0.094130352847751148,0.48331869474008116
CXCR4,2.0661931665629552,1.7446362527282342
CXCR5,0.014941873548067603,0.20078051996100996
CXXC5,0.72716396600979361,1.1574650598398957
CXorf21,0.33110755985640555,0.85052516142424661
CXorf65,0.024320647338018354,0.24152100268554696
CYB561,0.086644283777573702,0.43729446487244716
CYB561A3,0.43238955062790091,0.92425203995215743
CYB561D1,0.037111393068196483,0.29202808167903616
CYB5D2,0.19290657992337315,0.63343350122365016
CYBB,0.21994527206437006,0.724744261011528
CYGB,0.11430342351964513,0.56905287797314075
CYP17A1-AS1,0.0015897827216998829,0.060055637633161622
CYP1B1,0.034322520740618083,0.31279004744982447
CYP27A1,0.0069965201433753827,0.12636950794227864
CYP2F1,0.002059240534890489,0.067469385320632777
CYP2R1,0.089329113067107085,0.43883604402199411
CYP3A5,0.038804405761010345,0.2979415295176559
CYP46A1,0.019618812382095757,0.21620792256390134
CYP4F3,0.0039108089074151465,0.097670233886516258
CYSLTR1,0.31683316990989141,0.81917609717534523
CYTH4,0.25620698437439721,0.75566164444141226
CYTL1,0.92842866272926172,1.3834588546624804
DAAM1,0.42615877466917912,0.91024949557431267
DAB2,0.18258771427704748,0.63339852674197017
DACT3,0.0082325845645159958,0.13618463137969811
DAD1,1.8285903968410231,1.4461479879916119
DAPK2,0.02140114202699812,0.21814357641250059
DBH-AS1,0.0016651948981091795,0.064312667097749243
DBI,1.9202705902071044,1.4915222752711357
DBN1,0.16116724312993491,0.59221586982468721
DBNDD1,0.0048927456988428356,0.11258838917547108
DBT,0.11685718723370489,0.49999246109199214
DCAF12,0.23395197457946504,0.67087704813929383
DCAF4L1,0.0036433002342798645,0.091621167599866674
DCBLD1,0.036307271994681221,0.2844979192315864
DCHS1,0.0083281885539877483,0.13925580338080967
DCN,0.012340582390662698,0.20589345135575249
DCPS,0.39266469849623525,0.85725642892823051
DCT,0.0011930819736152266,0.053275396900478653
DCTPP1,0.93322717471458916,1.2565965132567396
DDAH2,1.1623237062769987,1.381335496122589
DDIT3,0.31001640809519659,0.80031254065760349
DDIT4,0.87568403735434097,1.351165749485622
DDR1,0.0086452552412923742,0.13926821593519642
DDR2,0.0095826987337255028,0.1547668484949436
DDX39A,0.99893202122148839,1.2624844954954648
DDX43,0.0071222864386343608,0.12806061138330985
DDX58,0.070678902174127783,0.39846582393444013
DEFB1,0.0063270682817710882,0.13249796949025033
DENND2C,0.0073437420658272945,0.12804674666491264
DENND2D,0.19796000022185409,0.66193951176984045
DENND6B,0.21924716736224611,0.67878173320620683
DEPTOR,0.21567155661392401,0.67607886640071846
DERL3,0.28612640124225902,0.80765109004118396
DGKA,0.13785724496526955,0.55940656391956323
DGKD,0.20684447580252968,0.67978801425446911
DGKH,0.046258220509926042,0.32266919107430841
DHDH,0.0030799533800226595,0.080973127228527869
DHFR,0.60788795403028739,1.068940631712366
DHRS11,0.14135790934290784,0.52778214990243688
DHRS13,0.14734063499976527,0.5271062143102454
DHRS3,0.14153302021321093,0.54283805675967023
DHRS9,0.041195796719796708,0.31072467018657562
DHTKD1,0.19952417482450779,0.63793543549103549
DICER1-AS1,0.055687642013188043,0.35539336268560207
DIP2A,0.21396747435214619,0.67842200839375233
DIP2C,0.0038128372451523588,0.097210736911222631
DIRC3,0.0032342877971297929,0.08866320504936695
DLG2,0.0094487032264120967,0.1480261290010256
DLG3,0.019388243713361585,0.20692550917531319
DLGAP1,0.00099136295213049833,0.049394668127249498
DLGAP1-AS1,0.081602837494003752,0.43026591266443354
DLGAP4,0.14480231297344381,0.55643326804462923
DLK1,0.015302987027704136,0.19589592241412457
DLK2,0.0021677117321976433,0.069616220525211797
DLL1,0.010730166840417294,0.16316085636749642
DLL3,0.014154043490029307,0.18124510361997367
DMKN,0.01389166226679725,0.18591395739195465
DMTN,0.093562113286206033,0.41769128261869248
DMXL2,0.083166289411587893,0.43620848344423202
DNAAF1,0.013458557761337959,0.18269283158433924
DNAH1,0.024402974988831889,0.23460209471284182
DNAH6,0.0053574913185475076,0.11168353094777032
DNAI2,0.0016221320529151465,0.0626464775162376
DNAJA4,0.13339617779996865,0.505711847056317
DNAJB1,0.73117535189730076,1.2033218635181713
DNAJB2,0.13095632547082245,0.53317589659692188
DNAJB7,0.0022895487975611206,0.07389730872505304
DNAJB9,0.39788757841051364,0.90354905975305588
DNAJC5B,0.0096020635490368274,0.14476283761607364
DNASE1,0.11613603994030731,0.507811135617248
DNASE1L3,0.063776453868806288,0.41043804465478945
DNHD1,0.022922801157016816,0.22816998165680114
DNM3,0.042826575031103729,0.30640208130262614
DNMBP-AS1,0.0024703476207921858,0.077366783039606687
DNTT,0.79195851432198117,1.6490433973138008
DOCK3,0.0021569993059318017,0.068716828230050236
DOCK9,0.01862283397817301,0.21299268914615335
DOK2,0.26467632041582467,0.79387339935509071
DPEP1,0.0081296395296686867,0.14537250473208072
DPEP2,0.14768852954314909,0.57016025336632292
DPEP3,0.02380751191440535,0.2338510048682671
DPM3,0.87773271250809382,1.1943505504599803
DPP4,0.044080443736442751,0.32836465814740223
DPYSL2,0.34217324549345035,0.82539629723527297
DSEL,0.022606019693337431,0.2231970553071472
DTD1,0.64841432500623786,1.0831291024939442
DTWD2,0.069611605951161462,0.39682350461014759
DTX1,0.043018387033731009,0.35071319440954868
DTX3,0.097623565662815409,0.46364245292036349
DTX4,0.032787055463163399,0.27117410369199629
DUOX1,0.043950220679118954,0.3205793348794912
DUSP1,2.4837487041980579,1.6871394382953955
DUSP16,0.017718082817361532,0.20912790164930831
DUSP2,0.55929351973108254,1.2043761817905847
DUSP26,0.01623554883618749,0.20964123042630223
DUSP4,0.072256282811747022,0.42821697823670296
DUSP5,0.10704894916387733,0.51874989749725364
DUSP6,0.42572564907321914,0.95910623003818773
DUSP8,0.0081458871474234962,0.14258200406290603
DUT,2.2671012914383324,1.6678170517121718
DYNC2H1,0.024094641529397515,0.23572853028177065
DYRK2,0.14435192178387163,0.56313540023494113
DZIP3,0.15330502146252581,0.57717816814171452
E2F2,0.10588138806056595,0.46706777232846791
EAF1-AS1,0.01773630191378562,0.20013658291943273
EBF1,0.1922671150560574,0.7252531468711495
EBF4,0.0037806952380920337,0.093440748885917385
ECHDC2,0.17227264445540927,0.61267472248837374
EDA,0.0059141860271233557,0.12192343107969994
EDRF1-AS1,0.0010310468408931432,0.047888100864413675
EEF1A1,5.717158879420742,1.7025998694067483
EFCAB13,0.031867117145003697,0.2643520237051466
EFNA1,0.023868490985141329,0.2363587721562489
EFNA5,0.0016285141361717327,0.061839472855685515
EFNB2,0.016903834078627125,0.18654305361800205
EGFL7,1.0246968438130837,1.3859766214848455
EGLN3,0.041734719782644758,0.30910849018900616
EGOT,0.0039644007075057136,0.095879560911179731
EGR1,0.39645721687333701,0.98190876815753747
EGR2,0.013744553130537671,0.17909046192322386
EGR3,0.01798421222699622,0.20219015241592794
EGR4,0.0041341082778361968,0.096207338028088243
EHD4,0.14383167232967745,0.55678869164462153
EID3,0.092713208964843655,0.44597526785217562
EIF4A3,0.7641054726972667,1.1374935939957309
ELANE,0.50613827179122495,1.4448513442016777
ELK3,0.20655374600395632,0.67068029662911766
ELL2,0.079968855191213647,0.40472941950401414
ELMO1,0.54997221898527082,1.0243224109552531
ELOVL6,0.15675477420519995,0.56014838659094213
EMCN,0.032035519255432326,0.28219633456462562
EMILIN2,0.16870317217654413,0.59438136373213868
EML1,0.0034549382951664831,0.089897626463902147
EML4,0.43624339605432877,0.94664455026218841
EML5,0.0093580726692225995,0.14268229793435797
EML6,0.0092044739199241606,0.14331803441004848
EMP1,0.11296521171946677,0.5130390770772385
ENC1,0.039184622944651956,0.30751857640284541
ENG,0.26358981072293558,0.72225517551872453
ENHO,0.04815485313916195,0.33770137874051043
ENKUR,0.0061569664686252478,0.12360789088102841
ENO1,2.854604166380263,1.6332566958021155
ENO1-AS1,0.030274457306250571,0.2624546137696967
ENO2,0.099229150475054997,0.46338564653929226
ENPP3,0.0050720848882239615,0.10691704412979473
ENPP5,0.011965328561010676,0.16751668649785798
ENTPD1,0.073913450902964709,0.41296604536928877
ENTPD3-AS1,0.10050299795906162,0.46376663469051638
EOMES,0.023994769218307638,0.25094595317650503
EPAS1,0.011223756479595315,0.16689747668404528
EPB41L5,0.016179816988737269,0.19126297075596027
EPB42,0.14069414241646055,0.53299035443306964
EPCAM,0.22213651723777753,0.73036220147974384
EPGN,0.0011729852676415884,0.050873378210435909
EPHA1,0.016132748536469618,0.19419937765351006
EPHA1-AS1,0.097865222629412399,0.47529180248139741
EPHA4,0.011763982489981313,0.17153358057528123
EPHB1,0.022973660930334497,0.23447374187071601
EPHB6,0.15628067129826914,0.58055593235816938
EPHX1,0.063760423838663247,0.3629563039464111
EPHX2,0.069321349074485672,0.39693259617400167
EPOR,0.19152876559991236,0.61901859031423978
EPS15L1,0.28134130537479562,0.74134424753812755
EPSTI1,0.38522470593877423,0.87698130154911369
EPX,0.004738829242257922,0.12066222715300801
ERBB2,0.017876343208308165,0.20075006951205904
ERBB3,0.006017374812872677,0.11921552344054011
ERCC1,0.89351884437971707,1.197414169749121
EREG,0.67286490253563314,1.2532636819829741
ERGIC1,0.69461635607496786,1.1172649784647746
ERLEC1,0.48424072021967185,0.95148787426117576
ERLIN1,0.26471305530134559,0.72577285596745378
ERN1,0.14218926973554408,0.56222753537646064
ERP27,0.018035362485940145,0.20299446567279758
ERRFI1,0.010547417811652247,0.16760122204705086
ESAM,0.049086972434659787,0.33469968895072871
ESCO1,0.28106615140830749,0.75634503147316112
ESM1,0.012815591962474941,0.2104040917839454
ESR2,0.014419950818533065,0.18535424779551285
ETNK2,0.014287680479573113,0.17816733914348681
ETS1,0.2742644085222441,0.81784644518376415
ETS2,0.58875886260918808,1.0571704282695906
ETV3,0.11702249744172057,0.50530952420271047
ETV7,0.0072828963810746584,0.13195564935324633
EVA1C,0.058704400973507966,0.3509631216532022
EVI2A,0.39070533981243594,0.90509896380830634
EVL,1.0039364535361781,1.3691244228264894
EXD3,0.16421141677298354,0.60871027404743949
EYS,0.0031988780282540502,0.085164058022360045
EZH1,0.12969059308564226,0.52983490894566476
EZH2,0.50050922314180268,0.95675378619242424
EZR,0.90701241923645748,1.2307018744139904
F13A1,0.11190566050884493,0.51812386643349029
F5,0.014977043310809283,0.1898689817416615
FAAH2,0.0086754885044118615,0.1402726795794195
FABP4,0.0028200406099787197,0.092889934632064089
FABP5,1.6870879586546987,1.63942440405043
FADS1,0.41909768899589417,0.90128198593191577
FAIM,0.30744106531772541,0.78671128626207742
FAM102A,0.083365407253611704,0.44653869913191452
FAM111B,0.18115213101510563,0.62883220807871076
FAM117A,0.53221050436841399,1.0352006174294235
FAM129C,0.25577304865440204,0.80490817325308517
FAM133A,0.027181457940378007,0.25441747950605714
FAM153A,0.0078241918151276801,0.14281046233445721
FAM153B,0.012652122996959472,0.17889413037503435
FAM153C,0.0031521797095182399,0.087285197492923683
FAM160B2,0.073587706629618166,0.40361068722479859
FAM167B,0.0041551501122440221,0.10113158486419613
FAM169A,0.061686798094399892,0.37605053707255703
FAM171A1,0.016989727277712675,0.19342393904962676
FAM177B,0.0072989251509884548,0.13244531758709696
FAM178B,0.2652086249448386,0.88244261262938917
FAM184B,0.090235790582690573,0.45214356618883272
FAM198B,0.042273256191372295,0.30856311895881022
FAM19A2,0.18354790287784545,0.62715882328400652
FAM209A,0.0089177201229021837,0.14274563315570579
FAM210B,0.33423896781873047,0.80140710256601222
FAM214A,0.17164088439856817,0.61310690305080973
FAM216A,0.36348039735243437,0.84874822565010788
FAM227B,0.065603625408001354,0.38102138441743483
FAM24B,0.072710198695093667,0.39831229753779168
FAM3C,0.30680650686844552,0.78655418991516024
FAM43A,0.09579514993635839,0.48063862407779206
FAM45A,0.62076748496461176,1.0805134991030367
FAM49A,0.086877294020844778,0.44233770557534624
FAM66C,0.024050855875185247,0.23320186611682669
FAM69A,0.019739209058033502,0.21265973740872771
FAM84B,0.050481160870312007,0.33906810638889473
FAM85B,0.0030861646392287634,0.083868739353063021
FAM89A,0.11537022112842861,0.50858222260604868
FAM92B,0.0068129338802157755,0.1267816495821189
FARP1-AS1,0.0018818154177258066,0.066406634492226335
FARSA,0.64261760624329101,1.0668142149220501
FBLIM1,0.020854380046766031,0.21532443281237174
FBLN1,0.01637945778846514,0.19453656075716477
FBLN2,0.030260951382759964,0.24894451679074384
FBLN5,0.032626378764492307,0.28084283510710728
FBLN7,0.011642816983638409,0.17051142052029494
FBN1,0.04842281178395795,0.32304949850386838
FBXL14,0.010945708298218537,0.15747502861643253
FBXL16,0.0094417640054639557,0.15651944997165701
FBXL2,0.0064602356348162698,0.12069881214854328
FBXL22,0.035882745191850508,0.28353063073737256
FBXO15,0.0099276207205824599,0.14876794535518439
FBXO2,0.010114433878412103,0.16047687430850741
FBXO32,0.069933325770151891,0.4102864680622394
FBXO44,0.091200655445516199,0.45790745481254769
FBXO7,1.0643427128361418,1.2990334157337626
FBXW4,0.11159401909483177,0.49214280295368446
FBXW7,0.26035198529887171,0.73230688755862461
FCAR,0.0083362463768868831,0.14068857793010522
FCER1A,0.60133635103975736,1.2842520341420154
FCER1G,0.90850283266775245,1.4736611968016331
FCER2,0.059401485778822906,0.41834084782431452
FCGR2B,0.033040489617705046,0.28479719296542477
FCGR3A,0.12307157469814078,0.63328716178092348
FCGRT,0.89765312667087926,1.2555333729127653
FCHSD1,0.067401863548581131,0.38560551574189905
FCN1,0.30342392291191472,0.99996221789930217
FCRL1,0.038808766960158746,0.33455743123280401
FCRL2,0.030293050419088696,0.28571905545518633
FCRL5,0.044603778025951307,0.33822992740775665
FCRL6,0.050401804732832782,0.36686877232081799
FCRLA,0.11608825944484984,0.56252932057420491
FECH,0.34315479164011586,0.81803898585834611
FERMT3,0.87030877464099854,1.2205215780025505
FEZ1,0.014777427837591579,0.19454408056954717
FGD2,0.09084778844929764,0.4578775020099265
FGD3,0.24084185014006529,0.72416056618299196
FGF22,0.0040227596670107885,0.098082797511175712
FGF23,0.011341664415234064,0.15801404548305961
FGF7,0.032227742329564643,0.27538865963351455
FGF9,0.0064374274937402465,0.12672668660614103
FGFBP2,0.1245359177020406,0.63844001010281537
FGFR1,0.058276967706623314,0.36490305250651467
FGL2,0.1878037233738612,0.67310751997811125
FGR,0.21443312741077916,0.71499992287734915
FHIT,0.4560370909836422,0.9645483121512517
FHL1,0.47573942583581214,0.97587608582454821
FHL2,0.27029992929906604,0.75145511869200854
FILIP1,0.0069599679824962242,0.12823021273801238
FILIP1L,0.0089532333535138516,0.14289179201579252
FKBP11,0.68965385636954601,1.1751345585152981
FKBP2,1.1653617377999221,1.3411399418055294
FKBP4,0.71158287461856928,1.1593405656050175
FLT1,0.0048012431540718761,0.10951979333314892
FLT3,0.41670067282852058,0.93325766903026475
FLT3LG,0.15721118683593049,0.63040205984807363
FMNL3,0.067779181673217226,0.39080180725075853
FN1,0.016841228834567831,0.20073803555721378
FNDC3B,0.20365033717222075,0.66073364058543771
FNIP2,0.17992114006851731,0.60175255655632465
FOS,3.0620490260350897,1.8271463873787888
FOSB,1.6067142431781889,1.5636850208515432
FOSL2,0.36453912689965168,0.8891206703367226
FOXO1,0.1134740045544466,0.51417292540981563
FOXP1,1.3040917473910636,1.3737732317494122
FPR1,0.051493018288338605,0.34911502732527799
FRMD3,0.008248254573821957,0.13924782893624543
FRMD6,0.024358916060659187,0.23237200882832212
FRMPD3,0.0024095308641442913,0.073103953020723422
FRZB,0.01388122704948307,0.21562626282334399
FSBP,0.00072235146041248969,0.041867180766734124
FSCN1,0.32462364736365923,0.80189846909477536
FSIP2,0.00802983480197734,0.1377027085689744
FSTL1,0.051897593726914791,0.34720180706422893
FTH1,4.8397479773229479,0.96048021869459632
FTX,0.20797419273829829,0.68388657554580956
FUT2,0.0060562508759628431,0.12004627946409291
FUT4,0.076920400816501255,0.41010104964270655
FUT6,0.0034625256867776896,0.091047287016253614
FUT7,0.16667213817534626,0.60393450422832662
FXN,0.53956905531235266,1.0038511579014255
FXYD2,0.017251026848348928,0.2102362286096644
FXYD7,0.039075555571889235,0.31569391307469818
FYN,0.35639718018556682,0.88806899905113557
G0S2,0.13146420082197158,0.60287352693242402
GABARAPL1,0.19340969816355158,0.65998785875455135
GABBR1,0.060034683705643029,0.3647653111908869
GADD45A,0.510408478371843,1.0086083861659541
GADD45B,0.64359866229888985,1.1605709277783933
GADD45G,0.057362416047440239,0.35644011169921441
GAL3ST4,0.0081014157402958184,0.13760027944661088
GALM,0.10779474730901063,0.49097163307743824
GALT,0.25137859969975029,0.71369924317225797
GAPT,0.5838646656933697,1.0774108137325722
GAR1,0.76318700674628093,1.1477169602444799
GAS6,0.10490962058060878,0.50088810562786046
GAS7,0.1279301639587353,0.53746752579339485
GATA1,0.36783518714431496,0.91204150404113893
GATA2,0.46008866565905188,1.0347815269524621
GATA3,0.11315880582083621,0.54175912435007689
GBGT1,0.15308241560420768,0.55662650937462166
GBP1,0.12263293770934476,0.52370054050988646
GBP2,0.24688972787021043,0.74639717227895419
GBP3,0.10589213851934669,0.48704976684978668
GBP4,0.35538715426312079,0.86963779931038299
GBP5,0.084344366169343321,0.45003921048115725
GCK,0.0021001613778770761,0.069532168557186622
GCLM,0.22605117464705834,0.6648189032483105
GCNT4,0.011615123059199655,0.16969934459343072
GCSAM,0.08008194899948777,0.42519644798967132
GDF7,0.0015647268921810732,0.060800159579433244
GEM,0.0060735286807968589,0.1154502141222728
GFI1,0.071924302800088449,0.40572564729373206
GFOD1,0.12782835776185264,0.52256120468772382
GGA1,0.43154118522579737,0.91582831578699087
GGH,0.6398423345845643,1.0729629372009357
GGT5,0.015754281948874228,0.20458463262199195
GGT7,0.048072896050388558,0.3298741293454488
GH1,0.005188076259518881,0.11453616799683115
GIGYF1,0.22566324390267098,0.68798259416472274
GIMAP1,0.14509302270953164,0.58931850826515275
GIMAP2,0.35399921330700923,0.8622248902596974
GIMAP4,0.1679456128333521,0.65811431215885063
GIMAP6,0.074125984138891043,0.41485972871338178
GIMAP7,0.26300586600023818,0.80604098347223174
GIMAP8,0.014511594176090055,0.18553588468778448
GIN1,0.04159021296769172,0.30008556044464307
GIPC1,0.10913282713267924,0.4845879025287792
GIPR,0.0041790596081913147,0.099108788960099961
GJB7,0.002418493980900644,0.075535724726790127
GJC3,0.0055636619650565608,0.11217340798380485
GLIPR1,0.83133465194874967,1.2397242570084406
GLIS3,0.0021880769833629967,0.073224226829425268
GLRX,1.2836967197681239,1.416388427007
GLS2,0.0055631239564410536,0.11530276219766285
GLUL,1.3836582696647486,1.4148614190984286
GMPPB,0.153277210965616,0.55911877709494007
GNA15,0.72577888715169636,1.1420203178424531
GNAI1,0.22267917473783089,0.68629046599155541
GNAL,0.0075168127757254607,0.13062784122130799
GNAO1,0.0053113059945712627,0.11325513134194043
GNAZ,0.012758299486776505,0.16483485533814277
GNB5,0.23467450226353734,0.70445620725143931
GNG11,0.19529907346285796,0.70186944458091083
GNG2,0.34727563377394649,0.84915712855608161
GNG3,0.004339190516799209,0.10019303388519604
GNG7,0.43510605036249111,0.95092140663346925
GNLY,0.41841050766855165,1.2760924057623855
GOLGA8B,0.16589535588850482,0.59632461012080951
GP1BA,0.049840193548164956,0.334456165105736
GP5,0.0018977658890039508,0.060005617508238206
GP6,0.014662226525822684,0.17447870718656455
GP9,0.050463293663185534,0.37715822138338628
GPA33,0.013370889464334193,0.1783669347200614
GPI,0.52513426566363564,0.97973059847956878
GPM6B,0.16137635090793151,0.60294328027286104
GPR132,0.047998790395286567,0.33817949069066339
GPR155,0.11235665629074709,0.49613854947088221
GPR160,0.088150950702296962,0.44074846535096646
GPR171,0.091846523376300226,0.47219566442749644
GPR174,0.015697574718887129,0.19167089103427268
GPR18,0.046850163267231397,0.33968002956953181
GPR183,0.47066627863806959,1.0738436108434986
GPR65,0.22068212808206514,0.71609286860865784
GPR68,0.0097852207089406187,0.15635953935060942
GPR82,0.075145501737266127,0.42461840790723493
GPRASP1,0.019679189684002157,0.21704766524944555
GPRIN3,0.075625014666741347,0.42215254669587965
GRAP,0.081978317390369232,0.43306229305318578
GRAP2,0.083073986082441445,0.4547876511119236
GRAPL,0.0030144007258416194,0.086195333960601028
GRASP,0.07206950792066999,0.40723395101974746
GRHL1,0.01391897556861015,0.17107637973133283
GRK5,0.032742771440642006,0.28173934088873503
GRM3,0.004569505876923171,0.10423563732150623
GRN,0.92103426324822979,1.2965481625467064
GSAP,0.14099358824590982,0.55705937029220587
GSC,0.0033689963543998692,0.088717656553522747
GSDMB,0.016463328181479057,0.19791139985966064
GSN,0.55113301452732688,1.0491481323128091
GSTA4,0.091111977753445275,0.4422800297042872
GSTM2,0.023465176431485314,0.22906088562100257
GSTM3,0.20974481311407484,0.65673140592284152
GSTO2,0.055672665193718433,0.34958160197197929
GSTP1,3.0078168956189386,1.6303888151868795
GTF2IRD2,0.13360888895486922,0.53889415666914564
GTF2IRD2B,0.094832239288933098,0.45788329266306271
GTF3C1,0.14932635250969495,0.56814366990608689
GTSCR1,0.0034592287439010353,0.095841235040819747
GTSE1,0.22179100039336835,0.67329458138917075
GUCY2C,0.0076854486371799487,0.14190052544483978
GYPA,0.16848181341904087,0.68214904775060037
GYPB,0.12070616362754913,0.54879415854643654
GZMA,0.33346398011959927,1.0620755583243602
GZMB,0.2350021129703096,0.91494148601104441
GZMH,0.16836446616096684,0.73504056338299217
GZMK,0.21619055366482925,0.8734032348993378
GZMM,0.29002069311655732,0.89332561698040169
H1F0,0.59277345412986593,1.0988012207539355
H1FX,1.4447432637554634,1.5863573435017406
H2AFJ,0.83055876233627191,1.1644511425972486
H2AFX,0.46427834616828417,0.9454560211342049
H2AFZ,3.0245855706202254,1.7606852008671725
HABP4,0.026665375764836054,0.25553394301643501
HAGH,0.43492250942508809,0.89965214551482475
HAMP,0.018953116638092026,0.20295167015731952
HAPLN3,0.049395762837741788,0.33871350424682878
HAR1A,0.0077587821446053083,0.14166959141257379
HAR1B,0.0057590697999074045,0.12115417087402131
HAVCR2,0.08764714900958949,0.43632582826196958
HBA1,1.2552328841387517,2.013834511663489
HBA2,1.3929670606459355,2.2133362801736602
HBB,2.1963594995300939,2.6157454817015258
HBD,0.93210615127987329,1.6278115825203423
HBEGF,0.095910622046655458,0.46246473311160008
HBG1,0.022911660140996847,0.24450565201807237
HBG2,0.062215619297132659,0.41135823039626085
HBM,0.33577232136679919,1.0102124776349675
HBQ1,0.17444592836993592,0.60199927231511274
HCAR2,0.0094488465561152497,0.14672945437445739
HCAR3,0.014694212576603465,0.18240362367176252
HCG18,0.23621310274905097,0.70288827593343173
HCK,0.16754061019982389,0.61596721432226309
HCRT,0.0053505352178124712,0.10813548610334975
HCST,1.5696539005219488,1.5954414896075886
HDAC5,0.23404015099422715,0.70288682698475979
HDAC7,0.3972554125932421,0.8925788182080483
HDC,0.043014823839978046,0.35797575356371947
HEATR4,0.0037881766854522751,0.093671711975947175
HEBP1,0.69283607329381758,1.113483027632324
HELB,0.092556648370208133,0.45455799246258988
HELLS,0.62299840269230722,1.0963368700289018
HELZ2,0.064514241922413285,0.38659690824737342
HEMGN,0.41588138458324386,0.96247783668425479
HENMT1,0.58767667602171691,1.0289923399421776
HERPUD1,1.0378081032596143,1.3695746053152273
HES1,0.027668845303340964,0.26687449183379169
HES4,0.02643660928110747,0.26089167460747814
HES6,0.15605338173088412,0.57294492314024492
HEXIM1,0.255685334198403,0.72406006452351279
HEXIM2,0.051295241078299518,0.33558532797369406
HFE,0.0074162293690207886,0.12836493352914838
HGD,0.0051851403437402554,0.1111225797394432
HGF,0.10949011393857194,0.50068354965264805
HHAT,0.047669534228270104,0.32855688810309541
HHIP,0.036732591791333299,0.3005425529915382
HHIP-AS1,0.088497131110783736,0.46231567456684852
HID1,0.010395075617164703,0.15285913792043651
HIP1R,0.067359481180135933,0.39920754261804953
HIST1H1C,0.86108002676743312,1.2878250814277084
HIST1H2AC,0.29257875184268678,0.84613591192973037
HIST1H2BC,0.10609304265767273,0.48285950325264404
HIST1H2BD,0.1197701671717325,0.51824943051501271
HIST1H2BJ,0.053561217152530829,0.34439158492824667
HIST1H2BN,0.16228278623942552,0.59394495243457812
HIST1H3H,0.043505223120004391,0.31462769299423954
HIST1H4C,2.001706218264363,1.9391358633199862
HIST2H2BE,0.24158599811642217,0.74432586984323323
HIST3H2A,0.30608772556820785,0.83039111339829641
HIST4H4,0.022091114173767936,0.22916738034456591
HIVEP1,0.075302608319270908,0.40745119671292473
HIVEP2,0.058539224672566011,0.36385846266919869
HIVEP3,0.11664214187013389,0.50787216123818091
HLA-DMA,1.5677704351003741,1.494660047407371
HLA-DMB,0.69758414992382289,1.1956465633914541
HLA-DOA,0.13807920017293912,0.55390854118217048
HLA-DOB,0.053221910578267854,0.36495836733236597
HLA-DPA1,2.3394787986568359,1.727230643337514
HLA-DPB1,2.4973020965913011,1.7335659561577657
HLA-DQA1,0.78091470582013933,1.3006356757275388
HLA-DQA2,0.29265693814845389,0.82191572787013745
HLA-DQB1,1.019924332560072,1.4533588276759137
HLA-DQB2,0.02645408139396703,0.2457888908938225
HLA-DRA,3.3126106702032607,1.9950066301335061
HLA-DRB1,2.023850840734247,1.7413705705087021
HLA-DRB5,1.2262347907772972,1.48712074424151
HLA-F,0.52759638906725237,1.0381522816776592
HLA-G,0.050827546229209986,0.33941317984392233
HLF,0.04580084284713249,0.33541631379858766
HLX,0.11516398589099636,0.50627257995939967
HM13,0.73647348632425258,1.1121523659150778
HMBS,0.48961158370539831,0.9828496860112681
HMGA1P4,0.053320214068354563,0.35011701441751208
HMGB1,3.9831144236827032,1.3741759269812657
HMGB2,2.9830831936607054,1.6421212710795727
HMGN2,3.10939441304855,1.5487079527487104
HMGN5,0.62741491855315978,1.0978063450333628
HMHB1,0.055228199938038604,0.38023022054030065
HMMR,0.28092597361744853,0.77937440610884789
HMOX1,0.050003226705559761,0.35290066883347526
HNMT,0.10691331593830619,0.49326976841277337
HNRNPAB,1.2567189336308735,1.4111611829198887
HNRNPH1,1.7146413507228504,1.4613259954846436
HOMER3,0.036131553881570022,0.29109013310283705
HOPX,0.8716984062576445,1.4359985471528427
HOTAIRM1,0.17162081054670791,0.61837375142146711
HOXA9,0.32825497434493311,0.82010387961357023
HOXB-AS1,0.11319967779971078,0.49312018579639494
HOXB2,0.18243288675464406,0.617872886375879
HP,0.019862792880575436,0.22794245589072215
HPCAL4,0.0055588568287775796,0.11978491803239787
HPGD,0.081010500329461319,0.44700896708997023
HPGDS,0.23830921807261682,0.75091888705923659
HPS4,0.60152847028182543,1.0641470554154417
HRASLS2,0.0089065108025576673,0.14997478619287971
HRH2,0.099635346811293837,0.46985194159132065
HRK,0.046170843115420822,0.34977041760597638
HS3ST1,0.060381413168849533,0.37604128101148271
HS3ST3B1,0.053738820706218743,0.35533870068317908
HSBP1L1,0.15012146833402007,0.56020122915281045
HSD17B11,1.4589156995002499,1.4143731969820401
HSD17B14,0.03478722362129931,0.28504066291255581
HSP90AB1,3.3390355324690741,1.6252442533300422
HSP90B1,2.0900671050709354,1.5775796192086651
HSPA1A,0.41641901966548384,1.0903284623657596
HSPA1B,0.26980964763520926,0.91239049656682192
HSPA1L,0.0085205790797545575,0.13728013350837912
HSPA5,1.6833204581494761,1.520646529003441
HSPB1,1.5095478601780525,1.5446713847224383
HTR1F,0.20570849061746854,0.67585184054435377
HTRA2,0.50142569430974315,0.94617368578703664
HUS1B,0.014569336084145963,0.18045177820501768
HVCN1,0.17592049031233509,0.63615624463069853
HYAL3,0.17383892311123114,0.59678366767503666
HYKK,0.014275274469101753,0.1782882306272176
ICA1L,0.14158679536679308,0.55888264905965945
ICAM1,0.055466275719604885,0.35026942915209658
ICAM4,0.29736928157890336,0.77787740552722262
ICOS,0.049339597004975401,0.36061124145826312
ID1,0.26070877276156096,0.80919717132110791
ID2,1.0008755493890149,1.4206384596075277
ID3,0.092241362464754159,0.48735898992914189
ID4,0.0062194195714948492,0.12767115546986449
IDH3A,0.32369745379007625,0.78970293090530952
IDO1,0.0087113290501035882,0.14357411412136351
IDS,1.0224805357152336,1.3424363491450571
IER2,1.6874738076000186,1.5822122710226336
IER3,0.10525547574370556,0.49666720315836022
IER5,0.28075052579037563,0.77007555868999167
IER5L,0.044015358662729945,0.31700654072174334
IFI27,0.064653196656478104,0.42195238469807145
IFI27L2,0.72867536899040075,1.1511922006006565
IFI30,0.12485128171438921,0.56237927588245651
IFI44L,0.14561497446835353,0.58556187228685597
IFI6,0.57080833436195888,1.0962667832160942
IFIT1,0.038526654834881525,0.28756221668781151
IFIT1B,0.025257204850328552,0.22673009683095482
IFIT2,0.073979450343072378,0.41508146886117947
IFIT3,0.10278082890974219,0.46413467235341249
IFITM1,0.34446489912581524,0.93176436940523921
IFITM10,0.013667759525320183,0.17425380824105904
IFITM2,1.4656552622968588,1.4898841735067436
IFITM3,0.78361175399658889,1.2758595085890103
IFNG,0.039236562689416575,0.33245341167937159
IFNG-AS1,0.0083071387104713852,0.14346322963863145
IFRD1,0.60794846501363031,1.0705724020118086
IFT20,0.61612192192989168,1.0388634866632265
IGF1,0.0072266050383783514,0.12809534076670831
IGF2,0.010711675041714453,0.18249701393408729
IGF2R,0.10583817389224352,0.49119235440157133
IGFBP2,0.12004337917400927,0.53103918986317244
IGFBP3,0.020545279582766481,0.23457611890294849
IGFBP4,0.02529149226034344,0.25234002615207535
IGFBP5,0.013567737186239168,0.23835963247180539
IGFBP6,0.065560961960370132,0.38054365242877508
IGFBP7,1.1911850359826852,1.4775993431509704
IGIP,0.010471086605848067,0.1553601324189928
IGLL1,1.5718255285417757,2.0430828875758609
IGLL5,0.13793443055440091,0.74120814888382214
IGSF10,0.28954977500120571,0.8067010084795464
IGSF22,0.013603563341235907,0.17847831715005261
IGSF6,0.17928565527585841,0.65437372722006404
IGSF8,0.18472539551908732,0.6198575964148626
IKZF2,0.067878977175585206,0.40470976451634777
IKZF3,0.075635101565997717,0.43646684738187908
IL10RA,0.26262387756159344,0.78336557714754151
IL11RA,0.042315968115586182,0.31336094480262577
IL12RB1,0.10565647443815526,0.49291961624415215
IL13RA1,0.088172937966157203,0.44018960051003486
IL15,0.04644708277017269,0.32638367880135999
IL16,0.45043968515794536,0.969792428955501
IL17RA,0.24757881581058827,0.72885572312931268
IL18,0.50514222391887187,0.98723467338283422
IL18R1,0.042307918055921871,0.31362956026586519
IL18RAP,0.021210252213698263,0.23745404709333753
IL1B,0.53417787027622488,1.094653634715989
IL21R,0.02579138627201329,0.25501293851573886
IL23A,0.033591086736111192,0.287020550227986
IL23R,0.0033927461928081842,0.094810820762656817
IL24,0.001772369849201844,0.067848792991988829
IL27RA,0.28958452501755233,0.78069498358764611
IL2RA,0.027199600608526765,0.25929893815980098
IL2RB,0.10404153374158624,0.54668165528204204
IL2RG,0.90358430773288934,1.2668058501964587
IL32,0.65463092549395852,1.4747448628743347
IL3RA,0.18606509705493848,0.67308202555422803
IL4,0.0031473977056047926,0.089277561223475133
IL4I1,0.010514880737138391,0.15492332346289733
IL4R,0.13875368507450594,0.58791312935410855
IL5RA,0.0072929460228748182,0.13296172469116913
IL6R,0.25023430458320539,0.73279014277751175
IL6ST,0.16030738858245919,0.58919537822161849
IL7R,0.37285688503541586,1.0377345333911432
ILK,0.48609946114072133,0.94028270785002155
IMPDH2,1.7191361346055478,1.5556643399661698
INPP4A,0.13483898348991469,0.54354619933026482
INPP4B,0.14006648224610826,0.5658386487623468
INSL3,0.010859078511574478,0.15704326932716553
INTS6-AS1,0.12517105467901329,0.52582783469427519
IPCEF1,0.047297420284348531,0.34185248492692261
IPP,0.043161675412393262,0.3023039921865599
IQCA1,0.0042321099306210051,0.1016203196641051
IQGAP1,0.86192847071404599,1.219734298776014
IRAK2,0.011541270526531896,0.16535907094849095
IRAK4,0.24897468395375863,0.71739341321671712
IRF1,0.90534108947503911,1.2885074071642635
IRF2BPL,0.14346485973566056,0.5596520125931842
IRF4,0.13920471667454185,0.60850637802586538
IRF7,0.42472420351500989,1.0266144148686915
IRF8,0.65390883429137703,1.3248198365298851
IRF9,0.21332966719676952,0.68885301884820227
IRGM,0.0070578150485079488,0.12607195858155704
IRS1,0.0058103934463629324,0.1171157537063284
IRS2,0.40116190582963057,0.90659120295047735
ISG15,0.67927768809941325,1.1269465700569379
ISG20,0.60436710937592053,1.1611351232991489
ISOC2,0.72116051188761099,1.1323537395446903
ISYNA1,0.48723954128923197,0.96799143369947538
ITGA1,0.011836225596563454,0.16668421616176088
ITGA10,0.0053356167918319425,0.11078268033529858
ITGA2,0.026602236624727944,0.24203004674153056
ITGA2B,0.28487766473734621,0.86426960096598937
ITGA3,0.0076872220443369556,0.13629332197713298
ITGA4,0.7857490256307299,1.1799724096797843
ITGA6,0.11333883586071203,0.50387591372625973
ITGAL,0.23765914113750086,0.72435160781359287
ITGAM,0.11269626860593659,0.52528822761040894
ITGAX,0.064445820022679207,0.38215868388091501
ITGB1,0.75785822952976289,1.1611856252226833
ITGB2,1.0519524866325141,1.3708260105725401
ITGB2-AS1,0.13169882605991257,0.55385693257207536
ITGB7,0.26320035708533807,0.76443008118227473
ITIH5,0.0095408721020987953,0.14842958344862139
ITK,0.073604391790269272,0.43534269761333072
ITM2A,0.89478993232641424,1.2762457246216445
ITM2C,1.3695474364910203,1.5443089334868403
ITPKA,0.047191908605684611,0.31932903068650348
ITPKB,0.1439347616746873,0.57090285657132434
ITPKB-AS1,0.010513043094209104,0.16116041373078085
ITPR2,0.29513322782860907,0.77474637711247141
ITPR3,0.030729024087131296,0.26886747384182469
ITPRIP,0.10388955009370535,0.47646747576103998
IZUMO4,0.027803185498280578,0.25795330152216661
JADE2,0.17010139065082006,0.60831078593544818
JAK1,1.0375606194426896,1.2819852162351355
JAK3,0.20035365507195857,0.65557809715802395
JAKMIP1,0.029972284915912351,0.27621235926027493
JSRP1,0.026162292558120324,0.26143182003164378
JUN,2.2138126645660403,1.8731407605880348
JUNB,2.0456867463810346,1.8340278608314009
JUND,1.6971761698178112,1.6042787530748839
JUP,0.2969677909376981,0.79113589936216444
KANK3,0.0051387535788712272,0.11442049632374353
KANSL1-AS1,0.22860750664308097,0.70128894363955274
KAZALD1,0.027308520697876322,0.24068747658330214
KBTBD11,0.12202816068976378,0.52745991543693715
KCNA3,0.051151699330317497,0.34335332110111666
KCNG1,0.006202597645867532,0.13227003465132672
KCNH2,0.24004263987894608,0.76425827785852485
KCNH8,0.0043520064351757325,0.10436018830386215
KCNJ5,0.0044383959774007102,0.10202771540776785
KCNK12,0.03520651558508834,0.28714598400398234
KCNK17,0.095174375778567383,0.46677622010818909
KCNK6,0.13712820155040029,0.53827263435760742
KCNN1,0.0065052921465055648,0.1256250564220486
KCNQ1,0.031960189036927336,0.27028732268939387
KCNQ1OT1,0.37740490615667388,0.93002118537864298
KCNQ2,0.0010126431560438648,0.050435164634097515
KCTD11,0.01412210433940631,0.1784175059340119
KCTD12,0.17067531090392402,0.62470896310329271
KCTD7,0.02240413491603855,0.22654009401592626
KDELR2,0.99019107347821123,1.2314654528772462
KDM4B,0.14061265973646303,0.55672912667254415
KDM6B,0.26532650480787145,0.75376909740186349
KDM7A,0.093034444323578949,0.45402995144074831
KIAA0040,0.14568159811554368,0.56489948906072418
KIAA0087,0.020628672087840912,0.24637774989989036
KIAA0355,0.11131827760905932,0.49103158617698356
KIAA0930,0.3460782350567691,0.83820457754657796
KIAA1147,0.1428267887335061,0.5610959489906735
KIAA1211L,0.0028542267751684013,0.082297531647688077
KIAA1324,0.013436841961787384,0.17819162830153495
KIAA1551,0.35611520102585925,0.84975612979110782
KIAA1671,0.0063241701000187004,0.12148605293781971
KIAA2026,0.32131331831716653,0.81024297850949589
KIF17,0.064380556486641594,0.37534881219923177
KIF19,0.01100918827089587,0.16202127538099595
KIF21B,0.030902463317710693,0.2683151684689955
KIF2A,0.59389125256657949,1.0506023023692339
KIF3A,0.10216923684656819,0.47502509790523617
KIF5C,0.0097082608339013818,0.15575171821666631
KIF9-AS1,0.015841320237997166,0.18841010051460058
KIN,0.34711795777371823,0.83182615942981264
KIR2DL3,0.0099459880297818777,0.1639620698429434
KIR3DX1,0.0048550805131974788,0.10855896977837298
KISS1R,0.0049187541038350387,0.10566280344743544
KLB,0.0045072813217643323,0.10011069622090593
KLC2,0.044284137544761792,0.3145530995387123
KLF1,0.37242976034762959,0.93853148803558162
KLF10,0.53969382708739821,1.0280649118398189
KLF12,0.12428078483131208,0.53071324364443972
KLF2,0.77772026917217152,1.3536794229859845
KLF4,0.43292339696924709,0.98087714473288767
KLF5,0.033193608924393388,0.27349593489909246
KLF6,1.973893487623245,1.6037261293770264
KLF7,0.14682383762363052,0.57469530407262936
KLF8,0.017641533112290386,0.20310233415480478
KLF9,0.21024449647622365,0.66335144260191925
KLHDC7B,0.044234312231464429,0.31887833706954555
KLHL11,0.011197689417533366,0.15739445829748527
KLHL14,0.013644275125797828,0.19068217977787116
KLHL23,0.25279560695225445,0.71406832954945298
KLHL24,0.36920881392730831,0.87480299091676372
KLHL3,0.037907429976935074,0.29449591290818511
KLHL32,0.0030054807361439726,0.085277485314204191
KLHL34,0.0011297881627524791,0.054781971446509835
KLHL36,0.17301782122859646,0.61494990092642376
KLK1,0.011077234576779211,0.16585165742706315
KLRB1,0.34532510633865909,1.1297693288281085
KLRC1,0.051269029534064627,0.40705913160683244
KLRC2,0.02383730988037629,0.27130732381021461
KLRD1,0.17960472577371964,0.75248979192678156
KLRF1,0.12795460204066866,0.62908362085364489
KLRG1,0.18804278013133838,0.67567914655518069
KPNA5,0.14826193078163483,0.56699709092166417
KREMEN2,0.0067074284784143208,0.13579081188648343
KRT1,0.026132887733086245,0.24110296247979868
KRT18,0.22013095311338371,0.69891629596342797
KRT2,0.0050653668342219797,0.1109493689624893
KRT8,0.11556513746881013,0.5062685156879605
KRTAP5-AS1,0.0019389024603720586,0.068150738472950945
KRTCAP2,1.0145068838185625,1.2660374575983677
LAG3,0.061999877053595949,0.39126829022882925
LAIR1,0.6815562304548215,1.1513224624774034
LAIR2,0.084414803072452999,0.47920658521145665
LAMP5,0.053922488401133152,0.36698906005613952
LAPTM4B,0.54809413667470508,1.0639447051029227
LAPTM5,2.3546617864933084,1.4643160443759289
LAT,0.32173113879811749,0.88792673520751941
LAT2,1.0795550357160577,1.383950153216545
LAX1,0.030383503022395949,0.27051915741562099
LBH,0.26338021614129492,0.77235012356774757
LBR,0.81984274571775018,1.1696578835342468
LCK,0.37006899865535531,0.98199585599337469
LCN6,0.044920681844687213,0.35329258832053756
LDB2,0.00501912109006922,0.11373984039034206
LDLR,0.14313128360089844,0.54795370502405605
LDLRAD4,0.38945035691063623,0.91544695338282245
LDLRAP1,0.1674426375130873,0.60204395629283303
LDOC1,0.078270124997117732,0.42107963917982055
LEAP2,0.074035867659620822,0.40604198193963276
LEF1,0.23315307599818494,0.75709811398167381
LEPR,0.057808804536914844,0.37914363597535344
LEPROT,0.93691605209814532,1.2561475650774721
LEPROTL1,1.0103479442677705,1.2965043040052389
LGALS1,1.6809146941586426,2.0348181826262808
LGALS12,0.020401812410912334,0.20618521622953306
LGALS2,0.10979462875613712,0.5536422725101916
LGALS3,0.2601483263322743,0.7557942978716391
LGALS3BP,0.23221774139646001,0.69843759425684304
LGALS4,0.0090877046922304364,0.14520812195167521
LGALS8-AS1,0.0038634119875976475,0.093652391502202156
LGALS9B,0.0076260184615581303,0.13577894467303986
LGALSL,0.01937705310269125,0.2038733671208412
LGMN,0.20560380504361933,0.68850827826035044
LGR6,0.0076502504734948622,0.13349168623770941
LHPP,0.23317635905243209,0.70496243959553995
LIF,0.0021370307421533707,0.073234028328292081
LILRA1,0.051069142488271872,0.33888679281439077
LILRA4,0.13356332390045467,0.63062027478631022
LILRA5,0.079123049833291798,0.44636437918492766
LILRB2,0.092650845435892498,0.46943419657070745
LILRB4,0.20298382172471938,0.68850088641113583
LIMCH1,0.03786087425483449,0.30089411107316516
LIMS1,1.0621503230775982,1.3333108028132681
LIMS2,0.015188230754944314,0.19169297017206013
LINC00114,0.016571688757875572,0.2093800591073848
LINC00299,0.0036885418069170796,0.09461555338317118
LINC00304,0.003387256391326724,0.089227918105907342
LINC00309,0.0070040635468639747,0.12619878040213531
LINC00324,0.038662857296041533,0.29807947563403558
LINC00426,0.10886510071965239,0.51733146544816966
LINC00449,0.0078779766918515744,0.13234964716954709
LINC00494,0.0049582533485220655,0.11313734742231446
LINC00544,0.0050718595080344268,0.11629498729762579
LINC00649,0.052440309264800401,0.35257219146934132
LINC00662,0.15347384958305824,0.57885362708671928
LINC00672,0.037014491689652804,0.2923080675859131
LINC00691,0.002160709202309818,0.069686592150986548
LINC00865,0.047396853707825377,0.33762687922699675
LINC00886,0.010904356161372889,0.15737289980730443
LINC00893,0.05040501747863424,0.3382464353935718
LINC00896,0.0028966795388765247,0.080839249055278575
LINC00910,0.036479906171991323,0.28542499428237905
LINC00924,0.0041255048702745351,0.097588503000248891
LINC00926,0.1154409039325705,0.56989677290393315
LINC00954,0.064582143498226316,0.39120586375387184
LINC00957,0.016895441642853056,0.19719633422747376
LINC00987,0.030334908784613587,0.26993747949834762
LINC00996,0.029924317140066672,0.27974357887566614
LINC01011,0.027788734713477838,0.24575413776569618
LINC01013,0.06577637149022926,0.43582147898996426
LINC01132,0.005777413997483721,0.11268105392951354
LINC01136,0.0068725528726835492,0.12596183193011404
LINC01137,0.037343257088185068,0.29229025034227457
LINGO3,0.013407524335916184,0.17549903156785224
LIPE,0.06268311346925802,0.37179335633736382
LITAF,0.86756465587581078,1.2582171074820143
LLGL2,0.064143418690018092,0.38513189686272159
LMAN2,1.2457097559983161,1.3105352462143345
LMBR1L,0.17728324312699775,0.62300721113274415
LMF1,0.11189268570343491,0.49330014204004352
LMNA,0.54086395325455994,1.1000423234756278
LMNB1,0.55557589696944998,1.0102003863969347
LMO4,0.5204106508924623,1.0188321101713687
LMO7,0.058481615791801132,0.36116782505578904
LMOD3,0.029570415768821183,0.25949218863307144
LOH12CR2,0.020433877455453213,0.2127830917623468
LOXL1,0.019514074577789503,0.20392966027917553
LOXL1-AS1,0.038930127940150723,0.29866981098433071
LPAR2,0.059646232488596199,0.36778236759708494
LPAR6,0.094404274406655386,0.46730984886059712
LPCAT1,0.14714720323069677,0.57035079209623829
LPCAT3,0.35264563493604145,0.81619718638911221
LPIN1,0.35451758944331374,0.86355234561699157
LPL,0.010139397398035014,0.17280395436298654
LPP,0.25713193778222065,0.7406158536380163
LRAT,0.0059671026306789554,0.11859190484343332
LRBA,0.47089073358357475,0.95644257788383036
LRFN3,0.0091583111303242953,0.14856987030988389
LRIG1,0.040690218162522863,0.3099077517725029
LRMP,0.35721025436786769,0.8503329008706042
LRP1,0.050013699412038294,0.33563648773577842
LRP2BP,0.026044002605053608,0.24861211468898475
LRP6,0.040420859230506069,0.30065868982862809
LRRC25,0.1035028028042551,0.48419307261501537
LRRC26,0.075573652197534827,0.42976565580859766
LRRC43,0.0047553802479379506,0.1069045151940093
LRRC69,0.034370244068413651,0.27703883142477792
LRRC70,0.0059577322782498479,0.11562285489996042
LRRK2,0.05539345235966079,0.35729907533051736
LRRN3,0.012033396604457439,0.18055254024591011
LRRN4CL,0.004908116051837789,0.10255904629065936
LSP1,1.5703487416233917,1.5544002381895126
LSR,0.067271454903148079,0.39126815307034862
LST1,1.3348159293834543,1.5404819790125006
LTA,0.016119828062573283,0.20168616909807033
LTB,1.0091411651360607,1.6594655896450836
LTBP1,0.095890716958767996,0.46821345319665331
LTBP2,0.012661486877749617,0.16642872192954694
LTK,0.027423042422797323,0.24686341916970647
LUM,0.011710259575962639,0.19714287236054651
LY6H,0.012264811123284383,0.17689061113371218
LY86,0.42181164388089348,0.97085792037275287
LY9,0.12226868971525599,0.53828784611717295
LY96,0.24644637795384874,0.72937628195217363
LYAR,0.84447916936393164,1.2393673363341837
LYG1,0.0036873626643822784,0.092130025868863291
LYG2,0.015672366968756693,0.18995105869489337
LYPD2,0.013485313992745733,0.21270918727138313
LYPD3,0.031293123728280935,0.27153299291012223
LYPD6B,0.0074856186684906798,0.13490802089357279
LYRM9,0.16762646000928189,0.6025260180323524
LYST,0.45674003938880414,0.98140143460126417
LYZ,1.4797208435216747,2.2332604134129119
LZTFL1,0.20355123099198433,0.64450868189296218
MACROD2,0.031922199409281787,0.28095913159001118
MAD2L1,0.73976550588993006,1.153821947195844
MAD2L2,0.66711700292774789,1.0824308746756932
MADCAM1,0.0075348282507717822,0.13064066521853224
MAF,0.060001000999258973,0.3929583996053907
MAFB,0.073861036150929177,0.44739302055696528
MAFF,0.19769133195162644,0.66729627751126275
MAGEE1,0.011607410705056382,0.16662590938519756
MAL,0.10330283539974901,0.5175655614112924
MALAT1,7.1394155676541606,1.0140795472870439
MALT1,0.15670588068295263,0.59019444818364286
MAML2,0.090578571713232997,0.46110323477383069
MAN1A1,0.31226345293166691,0.80225218147400612
MAN1C1,0.021758124342075295,0.23005839342303308
MANF,0.93103640599485782,1.2809450476601782
MAP1A,0.25393976124994233,0.74885613520313421
MAP1B,0.0031039010966844856,0.086756895142161644
MAP1LC3A,0.054552283249590543,0.34595422704021378
MAP3K10,0.020523055539991137,0.21805497858300685
MAP3K14-AS1,0.0031721971647279798,0.086793489567180901
MAP3K6,0.027292865891255697,0.24732632547256458
MAP3K7CL,0.043228438694604007,0.32557638874647798
MAP3K8,0.79567546317513338,1.2458373387046937
MAP3K9,0.011676018573346283,0.16352966238266994
MAP4K2,0.22794192757475454,0.6934823900638859
MAP9,0.1697292787953073,0.60475662639535599
MAPK13,0.038122147054578989,0.30458830327224501
MAPKAPK2,0.4487258041219474,0.95619467314621498
MAPT,0.0056164869204504541,0.11458438371801102
MARC1,0.069971422059938934,0.39624795146383701
MARC2,0.0063121521475764022,0.11904904750278635
MARCH1,0.13079904572643736,0.5619781634438642
MARCH10,0.001254950870424681,0.054044985453586721
MARCH2,0.12829796116617748,0.52678554836136771
MARCH9,0.10471315543567154,0.4873996747493784
MARCKSL1,0.96758369924331733,1.3348012630673041
MAST3,0.089299113225158183,0.4465127006534283
MATK,0.62570143111645593,1.0991800634685105
MATN1,0.0041479434408998751,0.096722739583765094
MATN1-AS1,0.023539158716669326,0.23353547870988778
MBNL1-AS1,0.025041281822832342,0.23708131669085108
MBOAT2,0.27016405577747271,0.72389143915556786
MBOAT7,0.5192567052883359,1.0093534717779908
MCAM,0.00515486787084634,0.10963391253990122
MCC,0.0086486385597055581,0.14330039771430986
MCF2L,0.0083857925203138419,0.14229615913978719
MCF2L-AS1,0.011050640442928764,0.16348434407872542
MCL1,1.4306150206567119,1.4621990605807507
MCM7,1.0972594055038221,1.37939352138299
MCOLN2,0.0440736841459725,0.31205089803823438
MCTP2,0.27496667278582348,0.7625548345263039
MDFIC,0.18727510311521467,0.63568610567994421
MDGA1,0.0095326190220813463,0.15292157271259324
MDK,0.54317701061101231,1.1146364192260345
MDM2,0.21624152042204908,0.67099661037042369
MDM4,1.013343238766113,1.286802158264265
ME1,0.0031001315541768289,0.086222778637073588
MECOM,0.070507056058999221,0.39890904182083647
MED12L,0.2214049919620141,0.69656657233847019
MED13L,0.55904874918673653,1.034169117916697
MEF2A,0.31573806326033715,0.79904920755430386
MEF2C,1.0997397846800252,1.3587193888212268
MEF2D,0.26294685088069214,0.74170113504310686
MEG3,0.048662189203253457,0.36551819302389327
MEGF11,0.0064415617883832746,0.12273484307725108
MEGF9,0.13134771110665136,0.53279845200015341
MEI1,0.11275125269476359,0.51126070560252024
MEIS1,0.17298464458950541,0.61128357190613514
MEST,0.6793402011322297,1.1324714199431951
METAP2,1.3391249678781596,1.3750039882994434
METRN,0.063398718481807906,0.37309130542113261
METTL9,1.2665803602324885,1.3200090464919016
MFAP3L,0.0060468877120514039,0.11126812070198565
MFAP4,0.034271158071070021,0.2789727605077143
MFGE8,0.21290953509009217,0.65589540393616796
MGARP,0.0026119553473967598,0.074164062481587148
MGAT4A,0.39763629203722356,0.93630459757595674
MGP,0.012512313132333992,0.1986644164977594
MGST1,1.0575796192093401,1.4444510108319113
MGST3,1.1776272232900442,1.3122306852874344
MIAT,0.053674461778526257,0.36273416777450612
MIB2,0.26088373298412948,0.74251144079610198
MID1IP1,0.46600559256844909,0.94663371246380112
MIDN,0.50205307054604242,0.98598871288772094
MILR1,0.12689235644016489,0.52924718868572551
MIPEP,0.13125518639605166,0.50452568923608532
MIR155HG,0.14194603729417629,0.56279918546023744
MIR181A1HG,0.52655461221860511,1.0332285689292604
MIR181A2HG,0.031061016760274254,0.2641990036470821
MIR22HG,0.092419383657709547,0.45528918776190291
MIR4458HG,0.17862670562254271,0.6190268669921779
MKI67,0.53859889129781424,1.094371572178974
MKRN1,0.74051196001499942,1.1105895722653041
MLF1,0.059661061226321942,0.36405837470938446
MLH3,0.19925342175110122,0.64877952232875724
MLLT11,0.29311829416934154,0.76471099549166177
MLLT3,0.5945422145195719,1.1022941933266985
MLXIP,0.69018888291887981,1.1381573704414436
MMD,0.1614323511235039,0.57998554934322855
MME,0.16072628661254568,0.66228670252945698
MMP11,0.032995258594871402,0.27185018989736331
MMP23B,0.037584317911704919,0.2994975383288152
MMRN1,0.18177399526563884,0.63758873364638158
MN1,0.0481152857272528,0.33243808640463113
MNDA,0.39861939556316406,1.0479410261168993
MOG,0.0013916199204634687,0.057133624096516566
MOGAT3,0.0017318030319834238,0.06281219691131
MORC2,0.088172539196432406,0.4398238557575252
MORC2-AS1,0.10212085767796271,0.47647187281561404
MORC4,0.020024258582932147,0.21267821497233652
MORF4L2-AS1,0.018040843950987363,0.20177101617260421
MORN3,0.019524191819177413,0.21574292166205156
MPC2,1.5501365817239929,1.4867472340013672
MPEG1,0.23576814500275914,0.74053000216827958
MPG,0.95509310123362234,1.2276196634776309
MPO,1.0508997607734625,1.9636355579861529
MPPED2,0.074748402859942525,0.41942995708281089
MPRIP-AS1,0.025897275484198342,0.24494431637184538
MPST,0.89665901207924703,1.2437855195911405
MPZL3,0.055813528833616254,0.36846395671878623
MRPL33,1.4121113727502248,1.3785287776346786
MRVI1-AS1,0.0035139450803019653,0.094410784802932732
MS4A1,0.16032243192594553,0.7191996333370837
MS4A2,0.039215464595460658,0.35725578972959787
MS4A3,0.30913003660658028,0.95400670099050844
MS4A4A,0.13495063600924978,0.54639864294679241
MS4A6A,0.2957049182530106,0.90752723637228316
MS4A7,0.15381807007450529,0.60667204190156998
MSI2,1.1000045331490576,1.3795025560772161
MSMP,0.023286629776050644,0.23106603402120096
MSRB3,0.44326498775302237,0.94877609725176881
MT1E,0.077883577037891283,0.43196625373562647
MT1F,0.17509309734956646,0.62693735661150995
MT1G,0.011832424638882798,0.16159701112738031
MT1X,0.50617685703478621,1.0130171024925048
MT2A,1.0784096798138041,1.3752445392149952
MTA3,0.065194446097475336,0.37675218810261052
MTMR11,0.095174650388138105,0.4637907718457529
MTRNR2L4,0.0064273727493016743,0.12003630095426887
MTSS1,0.15886255734034579,0.58275113051740579
MTUS1,0.010341284395786007,0.15848085525697131
MUC12,0.0090793814673769888,0.14116304537636654
MUC20,0.012421328157799675,0.17146258750834176
MX1,0.18806921349464126,0.64801295113242863
MX2,0.14021033747599146,0.56014517983726964
MXD1,0.33057869791452338,0.80936112625134715
MXD3,0.23438507566495251,0.69272775988201885
MXRA7,0.031733467450466984,0.27283632405158625
MYADM,0.95729181617032955,1.2876502258660669
MYBL1,0.043184551808214351,0.3312051360413783
MYC,0.80954070220042884,1.3560289796294569
MYCT1,0.22765216739333363,0.71671050239174039
MYH11,0.030170686928999435,0.26914982706148799
MYH7B,0.010229688204297257,0.15526893199169445
MYL4,0.19815067975191394,0.6585291072251237
MYL9,0.041577241883271741,0.31556279739720922
MYLIP,0.47922435917636647,0.96659715586499451
MYLK,0.12833717414505849,0.54494187595080179
MYO10,0.028637780303453861,0.25454967139004564
MYO15A,0.0092296341982151375,0.14683465393721276
MYO1C,0.04193655397623338,0.32256138386075306
MYO1E,0.050120084246436762,0.32997498230667988
MYO1F,0.61203717848385575,1.0989699083404552
MYO3B,0.0020082066531351972,0.066378258125267958
MYO6,0.015349826214876405,0.19471533633478971
MYOM1,0.0094220754447946267,0.15007705488521547
MYOM2,0.074658012570444104,0.43992829057459126
MYT1L,0.0028678713193240552,0.083268723419413257
MZB1,0.91342643057884365,1.4632855317452715
MZF1,0.15763088892263769,0.57959382506479651
N4BP3,0.034477473695546747,0.28542682894040994
NAA38,1.6059604038663298,1.4767589015631568
NAALADL1,0.27248787351517728,0.77718501494007486
NABP1,0.13178532772510385,0.53662016179083394
NAIP,0.16036130594868861,0.58657371270376824
NAMPT,0.46172121937587224,0.97433181563441862
NAP1L2,0.01364363244277296,0.18010901366116489
NAP1L5,0.11970903560060861,0.50210729219576222
NAV2,0.0065204997533627393,0.12092899874267633
NBEA,0.036230784716743424,0.29277654922570484
NBL1,0.11752247711963693,0.49594672723971989
NCALD,0.038957606803507183,0.30363497776884246
NCAM1,0.016411031979022529,0.20483317341072932
NCF1,0.41624211755813223,1.0031862623853749
NCF2,0.11652633014398833,0.51821533160303612
NCK2,0.18274290263581974,0.64393330580651253
NCOA3,0.25056417919141405,0.73348051986114304
NCOA4,0.90646775755197784,1.2080719358648353
NCR1,0.017730510628635433,0.21248386009186637
NCR3,0.11406203882833633,0.5518459629495267
NDRG1,0.20757652051231321,0.66382693192709952
NDRG2,0.1035998837126,0.47420053323081357
NDRG4,0.0025124999581897316,0.074740305389030995
NDUFA4L2,0.0038217296585447719,0.092390466174907884
NDUFB2-AS1,0.025853141594897981,0.24018250981629649
NEAT1,2.3110568014671,1.5642952858074872
NEB,0.0041379650073648183,0.097104860628950213
NECAB1,0.092609732952053644,0.44899518213757611
NEDD9,0.091663810639203494,0.45832955549843052
NEGR1,0.14171372327217222,0.5667441641462192
NEIL1,0.12573825644303011,0.59356622421398708
NEK8,0.084788306689034934,0.43809420164691221
NELL2,0.066272385008119633,0.427255332528653
NET1,0.32284872074100324,0.78962663980343384
NEU1,0.26641540438819095,0.74059357717835939
NEUROD2,0.011250062385709188,0.15865779831749427
NEXN,0.043908856782831775,0.30861126630107055
NFATC1,0.15780074839688468,0.5850932026537996
NFATC2,0.19089234531140259,0.6395973740275438
NFIA,0.32810235525161857,0.83965917763324804
NFIX,0.11699513549435006,0.4812606083548831
NFKB2,0.15608333334465363,0.6029412130794255
NFKBIA,1.5926293544848169,1.5718401640727382
NFKBID,0.24017325033762388,0.72237597397355624
NFKBIZ,0.64427833353812591,1.1093466550310427
NINL,0.0039144262935557226,0.093452376506434745
NIT2,0.58616403550913321,1.02737833440611
NKAIN2,0.063634570005279681,0.38093639638085108
NKD1,0.0035891074505366789,0.090109347850384644
NKG7,0.91817896085600748,1.5518724886127222
NKIRAS1,0.042793279959805475,0.30762573889308537
NKX6-3,0.0034400064174654756,0.09553073661017604
NLK,0.1246291477782846,0.51356509826522401
NLRC5,0.15466766335475368,0.59029516181363428
NLRP1,0.15462438851683966,0.59700142129826672
NLRP3,0.11682758316647587,0.50714614150564163
NME1,1.5172837980179095,1.5224460183488921
NME4,1.1364263176585139,1.3920767464318493
NME8,0.034664030725313093,0.28382577513806623
NMI,1.0133358113153521,1.2727388760497846
NMNAT3,0.23835456611008948,0.68333085471897337
NMRK1,0.21188840183531299,0.67089489768562405
NMT2,0.13858519880292194,0.55864724987162706
NMU,0.073941582204866227,0.42325144515002316
NMUR1,0.017385876979298168,0.2080382220683217
NNMT,0.014548494897865267,0.23368939642641096
NOB1,0.75641055368107091,1.1485344060128415
NOG,0.051089127781581041,0.34920133088026056
NOP10,1.7785170944572637,1.4376268300724642
NOS3,0.0064426107048672649,0.12281672620908006
NOSIP,1.009714822813746,1.2637416294973691
NOTCH1,0.13684702600008636,0.54503520175029729
NOTCH3,0.0057055293611153616,0.11526655508379199
NOTCH4,0.032647613312793845,0.27179077028300908
NOVA1,0.0038281520994923593,0.094639408476750675
NOXA1,0.041696697989557253,0.31534528479716156
NPC2,1.6188242090174767,1.4404778854216411
NPDC1,0.42091870515903196,0.96574357385303145
NPFFR1,0.0055160326470245352,0.11150621631091942
NPIPB3,0.0036298436909325132,0.090211941540893528
NPM3,1.0290515605870483,1.3100789460486335
NPPA-AS1,0.0046492701622362718,0.10353714487661696
NPPC,0.018580977583179215,0.21225383701399628
NPR2,0.0046407658716297821,0.10337667436817935
NPR3,0.40890252527041504,0.9282271135763559
NPTX2,0.021494242428130545,0.23726730748408889
NPTXR,0.004285579797586485,0.10012719302199133
NPW,0.43907902948646865,1.0164435995642351
NPY,0.05011695411268511,0.36819857459011296
NR1D1,0.037540053185716765,0.29234107800213766
NR3C2,0.0091312608162489196,0.15169887461853987
NR4A1,0.21623723189932528,0.7062171728935055
NR4A2,0.63427930542964062,1.1724536905583309
NR4A3,0.069564149171213133,0.40273852088997925
NRBP2,0.010517930234936385,0.15861715768027801
NREP,0.91468680482842157,1.270838520152791
NRG2,0.0093454750320645427,0.14877124958063234
NRGN,0.22286252339490767,0.69735909723035661
NRIP1,0.60577178025586453,1.1031022765685927
NRIP2,0.0061457212916975991,0.12365339589953275
NRN1,0.0073542532732961555,0.13270503327321542
NRP1,0.01658773124764373,0.19822766991492927
NRTN,0.011684156314814464,0.16281693912792464
NRXN2,0.070025538382522443,0.3932990626240932
NSG1,0.024428234716968786,0.25490020306623856
NSMCE1,0.90894094202016107,1.2126432119945267
NT5DC2,0.1945653441645078,0.62303904446212222
NT5E,0.013885850488629597,0.19140857626796928
NTN5,0.003392940358166265,0.088680282895369916
NTNG1,0.0017345487401612852,0.064228890409625136
NUAK2,0.034540635186890732,0.29041614993963599
NUCB2,2.3032684691871079,1.7101084865444811
NUCKS1,2.0531060848777938,1.5757281853403384
NUDT4,0.47316324157225365,0.928607571069751
NUDT5,0.94075568163365386,1.2202100804345155
NUDT8,0.25861280080918309,0.72311383677721708
NUP214,0.41970628195323939,0.90568091366988623
NUPR1,0.006536923950434201,0.1232743625053062
NUSAP1,0.60969319041010694,1.1389266171523063
NXT2,0.23873047159766281,0.68373448193874464
NYAP2,0.0065312184428313914,0.12211931563114779
NYNRIN,0.053977377931786918,0.34694742408341372
OAS1,0.11043143090372409,0.49312381594200577
OASL,0.033860115898864014,0.28285180886308819
OAT,0.57728715776464257,1.0195337766771302
OBSCN,0.047124200199592896,0.3260393304094919
OCM,0.0032416321542117813,0.088757376813554847
ODF2L,0.53791360676828914,1.0104153092248727
ODF3B,0.15858091289115436,0.5851255164266882
OFD1,0.67155081238297876,1.1057930518724037
OLAH,0.0029855194473943311,0.082790185430141244
OLFML3,0.011842849402010963,0.18928759424065913
OPRM1,0.0017191383421295585,0.065512445859688517
OPTN,0.29991005517053143,0.79032234047088179
OR2A1-AS1,0.018081191550036461,0.2065220111729501
ORAI3,0.37699814454665082,0.86813265359153136
OSBPL10,0.11602549161300353,0.51661488109442477
OSBPL10-AS1,0.0095727071788311493,0.15979349870011941
OSM,0.18280006703509166,0.64482429447332834
OSTN-AS1,0.0028076048432230552,0.082926989507094609
OTUD1,0.15535689630294805,0.59458350412218808
OTUD6A,0.0019424272067614678,0.067738020079539246
OVGP1,0.0036335278014313658,0.091508624719191162
OXNAD1,0.18153385246019382,0.63265625827021543
OXT,0.031681328293520668,0.26833512758884703
P2RX5,0.16936234640817727,0.625005032071277
P2RY10,0.094976131690773208,0.48524515091556703
P2RY14,0.074889214923528805,0.41905707706847861
P4HA2,0.050522093840032957,0.36484834061382049
P4HB,1.5958282431185249,1.4285362508016479
PACRG,0.0045208148868229499,0.10165624310370489
PACS1,0.22358057018941876,0.68715138966621081
PACSIN1,0.028297986440376229,0.26126762913518109
PADI4,0.23154504935744014,0.70584965326617388
PAFAH2,0.043892689512154311,0.31650944103203893
PAG1,0.40985481208300989,0.94695004607758393
PAK1,0.39016599786324485,0.85962779087265329
PAK1IP1,0.45266215924489533,0.91515379597301738
PAM,0.092192045238860362,0.44701074255567858
PAPPA,0.0088767652178058359,0.1474376232338796
PARP10,0.23674007439814493,0.70495790972677252
PARP15,0.090967823772329398,0.45277515369205884
PARP8,0.24069856977051157,0.73156060980073634
PART1,0.0042022613515968503,0.098223766527821027
PASK,0.12155270367484394,0.53133630206599902
PATL2,0.081633107725197218,0.44283943194323933
PAX5,0.10239213204006642,0.51575187427543978
PAXIP1-AS2,0.055489149001025619,0.35399065391050155
PBX1,0.2887054189246363,0.81725705771500812
PBX4,0.023628334774519814,0.24165480008541371
PBXIP1,0.50468662597298208,1.0166448342698196
PCAT1,0.008219410501227745,0.14215030870006912
PCBP4,0.024901687260609647,0.24583923329667781
PCCB,0.39015863480053603,0.85287094473352487
PCDH11X,0.0019390793548725025,0.064595700573987766
PCDH11Y,0.0044259715253890568,0.10003337984687637
PCDH9,0.28507698823603578,0.83486486083244271
PCED1B,0.053962825131147578,0.35982184797082339
PCNA,1.2841912715273298,1.5471861646091472
PCOLCE,0.028734620957767323,0.27548514081892483
PCP2,0.01371739698047671,0.17436252997884066
PCSK1N,0.028747348306462681,0.26905029629243382
PCSK5,0.023916420146672168,0.23589244000010906
PDE3B,0.11685192100883315,0.51314959972690899
PDE4B,0.40800987293577862,0.93438904046623994
PDE4D,0.21727845150505104,0.69819641060234106
PDE4DIP,0.10933471379956314,0.48999629972473041
PDE7A,0.39705998648683771,0.89740839282545204
PDE9A,0.014481695200037534,0.1833531584545508
PDGFA,0.0057288506983043204,0.11587109231378825
PDGFD,0.045162166319744498,0.32428042080209823
PDGFRA,0.0049069475061564657,0.10753317012177976
PDGFRB,0.0066697800779501309,0.12273002659120402
PDIA4,0.74454544005009815,1.1413706845657288
PDIA5,0.15799598157539416,0.56727015027173966
PDIA6,1.7716104976998299,1.4686231100232985
PDK1,0.13212626368473171,0.53462690606668595
PDLIM1,0.76212431057562147,1.2379293293715934
PDP1,0.081785248303746075,0.42923568191528289
PDZD7,0.0056098912994155918,0.11426104385792385
PDZD8,0.50224912548610356,1.0059154569761672
PDZK1IP1,0.050201861000501384,0.32107295056750351
PEG10,0.010233957465395809,0.16653363318240463
PELI1,0.14781890364585507,0.57008971646663775
PERP,0.035074256204203742,0.29320307734405898
PF4,0.080041860756732752,0.57740139487107212
PFN2,0.019189439170098462,0.2141137239153639
PGAP1,0.046081845368627153,0.32666073899302034
PGF,0.0092390882402887137,0.1445868349445627
PGLYRP2,0.030705563257083297,0.2684811101873481
PGRMC1,0.49349539619668437,0.94805755569407069
PHACTR1,0.57315871751333936,1.0815968923168251
PHACTR4,0.5101351129944548,0.98970452342363413
PHEX,0.0085112733349437791,0.14484908908963107
PHF1,0.26156185766455758,0.7593426103409836
PHF19,0.34377424726066014,0.81739032368631548
PHF6,0.42600873873723438,0.90420585973279044
PHGDH,0.53303036848685803,1.0311660577645592
PHKG1,0.11703614695394178,0.52486308854552566
PHLDA1,0.046831910639906188,0.33414738049221332
PHLDA2,0.028767731302526144,0.25426121959234077
PHLDB2,0.042615194186551061,0.32137533933156748
PHLDB3,0.091424514259074302,0.44548405905073019
PHPT1,1.2707967106932097,1.3557093018678879
PHTF1,0.40771120126956334,0.92836497134714835
PI16,0.006692810061366153,0.12841565800359966
PIFO,0.0043353130418025384,0.099698094760326469
PIGQ,0.17425637755553364,0.57389372760667878
PIK3C2B,0.04319076749112364,0.31795161056298521
PIK3CD,0.2306178363924552,0.70002567380862624
PIK3CG,0.16153811949483002,0.59227924291825884
PIK3IP1,0.33309810728223244,0.89211977502380002
PIK3R1,0.8359805811976937,1.2526895228724595
PILRA,0.082009274463202858,0.44232093629937314
PIM1,0.65123413857056145,1.117284095717106
PIM2,0.33361889971158992,0.83954785282079669
PIM3,0.46814555311646994,0.96930080364334481
PITPNC1,0.17305798381020615,0.62740570376442961
PKHD1L1,0.009101179985219093,0.1431869039003888
PKIB,0.021700692326973824,0.21391179982074901
PKIG,0.5621963018028987,1.0508364079391934
PLA2G12A,0.35873544105057514,0.83342341898214478
PLA2G16,0.085321381752368933,0.45542013402595993
PLA2G2D,0.0036587835960947683,0.09270261952785433
PLA2G7,0.0068456283128940703,0.12702403414740351
PLAC8,2.162955378377831,1.7313429227278778
PLAC9,0.0064636738882973355,0.12775889054215364
PLAG1,0.041842241451086545,0.30717208533321205
PLAT,0.0054906895702285258,0.11364799137859592
PLAUR,0.33087334217943937,0.86574167627749421
PLBD1,0.11779052478488257,0.53862269714766331
PLCD1,0.034798098384925237,0.28039208441274283
PLCG1,0.030812938480409738,0.2695248019109458
PLCG2,0.20515576714929692,0.66083076788453143
PLCH2,0.0098610892492212582,0.15816306577397121
PLCL1,0.011057439657516179,0.16450641102377039
PLCL2,0.10407480092291321,0.48431617826098294
PLCXD2,0.0072811085048061514,0.13055049599223364
PLD4,0.53376238773758222,1.1268914332082092
PLEC,0.12798848081666728,0.54545991928342041
PLEK,0.94655316612272367,1.3844991312686112
PLEKHA1,0.11931143700520003,0.5307393911632986
PLEKHB1,0.041870726428664434,0.32038814725010301
PLEKHF1,0.050141857655817197,0.34614774918059543
PLEKHG3,0.019516670045998687,0.21768549352075997
PLEKHG5,0.0029655366765673277,0.084330995904013925
PLEKHH2,0.0054584157273022569,0.11254686132398918
PLIN2,0.51119804091120702,1.0136683929912986
PLIN5,0.011170108453852828,0.15595023103726099
PLK2,0.072791569220758287,0.41270542447459735
PLK3,0.2042366424252296,0.66230905563396847
PLLP,0.0084733954953501393,0.13336436132217297
PLP2,1.30494449817698,1.418788897920001
PLSCR2,0.0013509992184525328,0.055410854627251073
PLXDC1,0.015282689113557691,0.19735102921805348
PLXDC2,0.2375232460463072,0.71301767382849346
PLXNA3,0.029084079647012404,0.26084071485633253
PLXNA4,0.01372860240782077,0.18077974521040951
PM20D1,0.0010608732902713095,0.050667229400904089
PMAIP1,0.77780706838098124,1.2212333796381019
PMEPA1,0.034010360279102356,0.28618356210678864
PNMA3,0.012809935775317655,0.168777552928948
PNMT,0.093023340157755222,0.44726614324894998
PNOC,0.050388748356035983,0.35374157876892776
PNPLA7,0.021832599037431153,0.23052305844684304
POLM,0.18783070527787621,0.63885655083500958
POLR2J2,0.07348332637577587,0.39438947070905656
POMT1,0.083306820300876494,0.42806149012829176
POPDC2,0.0070612875249791048,0.12556699291296866
POT1-AS1,0.0082917439825885963,0.13773840263939358
POU2AF1,0.12842045304079425,0.57120268801797336
POU2F2,0.38122680284289806,0.91310529527591167
POU4F1,0.0059296197588739859,0.12386596874173972
POU5F2,0.049032429230284398,0.33283734215185257
POU6F1,0.0081582581886831054,0.13782551257104125
PPARD,0.023915667062302897,0.23173603773823273
PPBP,0.068944270934229376,0.50239595190025343
PPFIBP2,0.019194984964005953,0.21122586933344112
PPIAL4G,0.008388983515904053,0.13993021175706244
PPL,0.01330696530258161,0.17410247314005944
PPM1J,0.043555219902391307,0.31102506104240252
PPM1K,0.46291696417849348,0.95971721234272755
PPM1M,0.12260102047335472,0.52095492619996608
PPM1N,0.083060677186258702,0.43107328881308354
PPP1R13B,0.010027101191943683,0.15699088455211438
PPP1R14A,0.32157915076700644,0.86328615214528337
PPP1R14B,0.69882570852663961,1.1594259453489086
PPP1R16B,0.054486861837333596,0.35897968687076998
PPP1R27,0.010004651536764742,0.158510266251493
PPP1R3B,0.051194702004244204,0.33494908609893093
PPP1R3E,0.17051039940745313,0.60177737973660084
PPP1R3F,0.022966775919480924,0.22676023487226368
PPP2R2B,0.027632262551421066,0.26168047135682293
PPP2R5C,0.87146894870739633,1.2216488870129387
PPP3CC,0.3137284639238534,0.81505848967265537
PPT1,0.93803189610748106,1.2108478150748381
PRAM1,0.37507190457186973,0.88812943820883006
PRCD,0.038481167493761292,0.30514960568128191
PRDM1,0.072756842620088483,0.42613325557689252
PRDM2,0.43646073676587577,0.9322170714933411
PRDX1,2.2301587327270576,1.6224103516068915
PRDX2,1.8573727420266051,1.6187040031569311
PRDX4,0.95412829918900077,1.2634183785972797
PREPL,0.16710835252542267,0.59770904791213109
PRF1,0.17286074115845598,0.73182110167536829
PRG2,0.014954608772816383,0.20628634280551381
PRIM1,0.57217109520293108,1.0162878052790245
PRKACB,0.62239981095178265,1.079829848028633
PRKAR2A-AS1,0.0035189645051340985,0.089737597489557883
PRKAR2B,0.30981495809041448,0.80294564398038182
PRKCA,0.070322876949797442,0.40669375525531387
PRKCB,0.80863481906436241,1.2159282163295768
PRKCH,0.28881808789045382,0.81226616665968332
PRKCZ,0.046427887075502806,0.32567055056809191
PRKD2,0.17498609230631584,0.61552223046635801
PRKG2,0.083570503430983489,0.43907283724627388
PRKX,0.36031296505584098,0.85006570000287085
PRMT2,0.74687935258031357,1.137221642335932
PROC,0.042736101293787257,0.32139560235624853
PROK2,0.063290405033735925,0.36788108373966044
PROM1,0.22756329356082031,0.70946855386345054
PROS1,0.018786856586533101,0.19337793715241616
PRR7,0.17931914810854427,0.61857550984925069
PRR7-AS1,0.014409533758436078,0.17869485491500803
PRRT2,0.0068636721003490254,0.12789504314646738
PRRT3,0.063683735821533971,0.37515430438194292
PRSS21,0.21881279633144274,0.71059542388825248
PRSS23,0.045921478355992078,0.34084600680250171
PRSS57,1.6377678169040644,1.806307109868786
PRTFDC1,0.078948277640874531,0.39977682126327974
PRTN3,0.46528208465064025,1.4131265378510081
PSAP,1.4109172852042211,1.411944872721582
PSD,0.010783824345451463,0.1569614618241387
PSMA6,0.37978405890570338,0.85418441209938356
PSMA8,0.0080371458295115782,0.13396348256955679
PSMB9,1.4311110528878179,1.4077652048399067
PSTPIP1,0.19295874505085689,0.65589788224056877
PSTPIP2,0.35603184463184218,0.83405639927584807
PTAFR,0.0653606216570118,0.38280086472817237
PTCH1,0.0087332438479990337,0.14891411915803593
PTCH2,0.11657506086141196,0.5093453280454372
PTCHD1,0.0020921576998097322,0.07006637584836059
PTCRA,0.042693147637770101,0.34438555185910086
PTGDR,0.042803627280302764,0.33403980780160253
PTGDS,0.05350342981399437,0.4592977980169049
PTGER2,0.41620852586954232,0.9255375713980224
PTGER4,0.39520771235152707,0.92221313997544485
PTGS2,0.083747265236521151,0.43372832210251944
PTK6,0.0094562511446682068,0.15018904598696339
PTMS,0.4638002679959054,0.96041575132753332
PTP4A3,0.10910888294071322,0.48908004995576687
PTPN14,0.010840608421598018,0.15492468206381982
PTPN22,0.19719735720490392,0.65591241377247755
PTPN4,0.2917541946724807,0.79074889977992235
PTPN7,0.61794185990441997,1.0631502826472847
PTPRC,1.4161871029425155,1.4690093039086114
PTPRE,0.61752134145678217,1.1203519644166837
PTPRJ,0.052637568317743785,0.3470779287214637
PTPRK,0.0095086857527767622,0.15238771718204758
PTPRM,0.01974475162269838,0.21377179932855692
PTPRN2,0.039488598065369966,0.30172702526177791
PTPRS,0.06193872696099751,0.40813511715159823
PTTG1,0.92613377982342393,1.3301563697683476
PTX3,0.0187825743811448,0.21423463545473459
PWAR6,0.059301390961129269,0.3677667750306397
PXDN,0.050019830777971001,0.34571601136337787
PXN,0.13445958973430217,0.55000687326324138
PYCARD,1.5038505836642346,1.4573707436427539
PYGL,0.30072468526900692,0.77487799303158433
PYGM,0.016590692666496158,0.19443430456378327
PYHIN1,0.10084376729574046,0.51689264776929833
QPCT,0.084637645125862637,0.43593658104035604
QRSL1,0.33728467478387958,0.84236794266335979
RAB11FIP1,0.56159896445035962,1.0629297705249838
RAB11FIP4,0.061623338389608748,0.37931727978485591
RAB11FIP5,0.013925467730944564,0.18619618157491327
RAB27B,0.10832974165445304,0.5032840863982575
RAB30,0.035261825690822653,0.29452265057130544
RAB31,0.22813574006105461,0.71935361004771581
RAB32,0.64704100143106469,1.1639683347595684
RAB33A,0.11502072732831614,0.50026802240730328
RAB33B,0.097622182461794021,0.45879326515409885
RAB37,0.47458208156488429,0.98082989894397121
RAD51AP1,0.39852874686444067,0.87557658692084428
RAG1,0.039731909059847643,0.31815044587271929
RAG2,0.063040667222669225,0.40895564062872447
RALGAPA1,0.15925468059124251,0.58775305867247851
RALGPS1,0.026961491894554428,0.24898646344418154
RALGPS2,0.17564800168721684,0.62410148093616169
RAMP1,0.24672307241122446,0.74753201574034722
RAP1B,1.4127708300467525,1.4322848174256753
RAP2C-AS1,0.023318709163224777,0.23293410259147967
RAPGEF3,0.012849033965070922,0.17607744156690691
RAPGEF6,0.11024527374050189,0.48829801307237614
RARRES2,0.031795286217370135,0.28105166412257043
RARRES3,0.85656322125977102,1.2561515875071951
RASA3,0.1303136594284412,0.54088038368006341
RASAL3,0.30697178707885636,0.81431500102152177
RASD1,0.10903357815597195,0.52871564042762897
RASGEF1B,0.18174757629050137,0.63141856195082913
RASGRF2,0.0092161775987114457,0.1530574431151262
RASGRP1,0.11584726512207473,0.53269053297110025
RASGRP3,0.098200651647732617,0.47641229956094511
RASL11B,0.0050379343767463051,0.10958173088262808
RASSF4,0.081078829715922479,0.42730303996077112
RASSF6,0.011512312313896288,0.16748562362837577
RBFOX3,0.0096879394782765655,0.14899468301173355
RBM11,0.017736468625775322,0.2007487169962642
RBM47,0.12170731397237523,0.51476365874131347
RBMS3,0.0099044149829938706,0.15643884700866512
RBP7,0.035445798286342117,0.29862686307969322
RBPMS,0.12222332154396409,0.53138958167295991
RCAN2,0.0023399957170422989,0.074935209032851183
RCAN3,0.22488998644670644,0.70927643042524058
RCBTB2,0.095905074011553418,0.45929772451712786
RCSD1,1.0161958105420479,1.3637293357525073
RDH16,0.00091867779344957743,0.046778265371582403
RDH5,0.075487691751482885,0.40897703347867154
RECK,0.12991886373669762,0.55138595192882522
RELB,0.13785160400508142,0.55788040880401357
RELL2,0.047622335293959671,0.32923233793283668
REM2,0.0092317011365945865,0.14798780857901278
RETN,0.20831260599012311,0.81210323372247617
REXO2,1.0137686041349014,1.3602026309238577
RFC5,0.32492655310067736,0.77788665671015378
RFESD,0.16878864963808912,0.58130035670556424
RFX4,0.0019091044154786899,0.067494823859512762
RGCC,0.5430663431842021,1.0681900619848483
RGL2,0.21531657396547013,0.67425202109548588
RGL4,0.27496042584002101,0.78390580863932391
RGPD2,0.0072304976978474905,0.13358108679275074
RGPD5,0.061445687115172176,0.37552961286656761
RGS1,0.50370602978520795,1.1212329272391468
RGS13,0.0084143438524276141,0.13930672668135596
RGS16,0.052970902222378352,0.36608084631323795
RGS18,0.23687485272587538,0.74417230431407921
RGS2,0.82035195728122823,1.3353097008029282
RGS9,0.015315747283509901,0.18794588188300976
RHAG,0.1403931941048607,0.54146156751490626
RHBDF2,0.12662924716007914,0.54034201153355876
RHBDL1,0.0084501847638944316,0.14136773425352908
RHCE,0.06501873721221707,0.34667542785260852
RHOB,0.26462965562950774,0.7778126622423609
RHOC,0.46545855005339337,0.98361297555750649
RHOD,0.0033296385720911503,0.086327366380722845
RHOH,0.69116221485229323,1.1567861913336273
RHOU,0.041965523846622006,0.30868611715037253
RHOXF1,0.0034744259269269733,0.091234366412476633
RHPN1,0.13308988794974805,0.54286615459587118
RIC3,0.15717055091200952,0.60948118913980265
RICTOR,0.48443426047925137,0.97194480990091547
RILPL1,0.0093152714650257141,0.14787033091681601
RINL,0.13812258810213693,0.54084572801081376
RLN2,0.054962618941120048,0.34620889589439247
RNASE2,0.57020547308562497,1.2524220371521668
RNASE3,0.15189346255598093,0.62068265603234352
RNASE6,0.53568510200069186,1.112575992064655
RNASEH2B,1.5504804480697705,1.4374908052626529
RNASEH2C,1.4254383390390306,1.3949777347421661
RND1,0.015390014494842317,0.18785155076307447
RNF125,0.49065205527576644,1.011819772459507
RNF130,1.3309750001984546,1.4440855417461524
RNF157,0.036244011997019043,0.29614284062252783
RNF165,0.010560293232479123,0.16064016450659518
RNF175,0.0079503673525103298,0.13830996346176586
RNF212,0.018348280298189384,0.20396416617590837
RNF220,0.53510607146786571,0.99802058285347395
RNF43,0.062531081755089896,0.38357651542519128
RNGTT,0.1824006309960835,0.61585587049944412
RNH1,1.0018486918251295,1.2542125843099725
RNPC3,0.20754790153457359,0.66316405182223948
RORA,0.22510505482324752,0.76704153723155133
RORC,0.0055902089791829892,0.11904816468541235
RRAS2,0.076631963163474648,0.43011871883144537
RRM2,0.38642980858967907,0.90961530989420591
RSPH4A,0.0064076056957261063,0.12211620312211012
RSU1,0.65393260928175556,1.0724315807815294
RTKN2,0.09455787672213449,0.44088719583873898
RUFY1,0.32539649777822166,0.79897052788252498
RUNDC3B,0.0073774272542204769,0.13092272881821823
RUNX1,0.77772821724685992,1.1684404596941307
RUNX2,0.31879364239351565,0.84316054513767902
RUNX3,0.35446309643613105,0.87971978931707173
RWDD2A,0.024613551206599915,0.23561200827098833
S100A10,1.1550266061884011,1.6032090184209575
S100A11,0.84633617588270382,1.3481304275828188
S100A12,0.2165906095529854,0.84698283367222182
S100A4,3.2511238008398604,1.7495207239969348
S100A6,2.8475198666774757,1.7809980229907056
S100A8,0.69678393819630491,1.623405190497252
S100A9,0.76791202254684943,1.6794253992749293
S100B,0.078129589117503409,0.4409982764974269
S100P,0.016211694879874099,0.20039606378705963
S100Z,0.096716024541616874,0.46417860489369123
S1PR1,0.044239422863302146,0.33297467051015056
S1PR4,0.63191960142992287,1.0934398419464602
S1PR5,0.044988962742929718,0.35052650500995597
SAE1,0.5575313803324301,0.9955019547778593
SAG,0.010361048847956984,0.1552978790329477
SAMD12,0.019380064176397687,0.21059751516191799
SAMD3,0.11675436568614737,0.55884016218102661
SAMD9L,0.24359835645091213,0.71703731385756952
SAMHD1,0.59937068676522776,1.1839295514296935
SARDH,0.032778366382272439,0.27999225321820281
SAT1,1.7430743188259881,1.5417629550036289
SATB1,0.6625603686368311,1.1377168084015652
SBF2,0.2340860454759085,0.70944061903728373
SBK1,0.020628967503589241,0.22566811337293147
SC5D,0.20841098219356607,0.66184237327183382
SCAI,0.3201230795280085,0.80787395090147207
SCAMP5,0.025741941688089416,0.24415367414330377
SCAPER,0.22387881056936371,0.693081341163858
SCCPDH,0.99580510515688536,1.2675367097803818
SCGB3A1,0.042530338378239774,0.32292580782869301
SCIMP,0.048916646367486723,0.33395579445718981
SCML1,0.047148317218013019,0.32189697685002155
SCML4,0.078046651253160668,0.43907922865323779
SCN11A,0.0049014465867311474,0.10538826238008681
SCN1B,0.019213656583409969,0.20816876432411149
SCN3A,0.026663202634814184,0.25613353062821886
SCN9A,0.14734719600168017,0.57639199876180802
SCPEP1,0.46181456598310239,0.94673272328560887
SCT,0.12277582339644473,0.62264907484380549
SDC1,0.020731086654199912,0.23341406410788837
SDCBP2-AS1,0.036831816154867747,0.28998405117207526
SDF2L1,0.89547672523905908,1.2606154498543691
SDK2,0.10427272410149761,0.48092444910439064
SDR42E2,0.056453473983357684,0.36788889562400723
SEC11C,0.81157554822564815,1.192211990402479
SEC61B,2.5406267325372798,1.4330056921300585
SEC61G,2.3787174518485417,1.3971144716450679
SEC62-AS1,0.0015628557820957013,0.059502835611948399
SEL1L,0.2315726549833671,0.68507442209654346
SEL1L3,0.21098794899675991,0.69579203610622509
SELENBP1,0.11435192150141028,0.47750938583070518
SELL,1.5063724188027705,1.5651407217438649
SELP,0.05342968654234314,0.3489694881504381
SEMA3C,0.045843996765771076,0.31999657238279661
SEMA3D,0.00087850231814143244,0.046237541962539139
SEMA4D,0.3343468563924733,0.82665037063141633
SEMA4F,0.012938660075022293,0.17335445246687958
SEMA5A,0.0026691696590323988,0.07912046131294094
SEMA6A,0.0072342814231198954,0.13367045770489822
SEPT1,0.58146562524569401,1.0738959039805525
SERHL2,0.031877566149458671,0.27174978152302082
SERINC5,0.20509690888959101,0.66852624195735588
SERPINA1,0.14788920498806143,0.65371992397854017
SERPINB1,2.1818094902095195,1.7175602337950999
SERPINB10,0.096291029970118291,0.49269397760362482
SERPINB2,0.03099012198111931,0.28730203816484196
SERPINB8,0.21659297663790555,0.68594751694540812
SERPINB9,0.19344582360706059,0.64469999410409951
SERPINE2,0.39922681957212125,0.89345690492781649
SERPINF1,0.12933171561291756,0.58482956732216262
SERPINF2,0.037491767597860624,0.28917005221253389
SERPINI1,0.099344851824645877,0.46518303887737161
SERTAD1,0.20978318929718784,0.67743308378660649
SERTAD3,0.14827725713385934,0.56221733506353899
SESN1,0.16116741618657943,0.58466071461014613
SESN2,0.066018071096184835,0.37542733410130791
SESN3,0.18974513155651357,0.64476997256460633
SETBP1,0.039596074676694994,0.30624098358458129
SEZ6,0.02921876639943263,0.26280553193527267
SFMBT1,0.058083482848563441,0.35556639776662108
SFXN3,0.08432828448851952,0.43539032396462968
SFXN4,0.39755989650660639,0.8625071940811877
SGCB,0.025630397971413678,0.23925264325457687
SGK1,0.12155739962194605,0.53790458982940714
SGPP2,0.013081395886916853,0.17470219750041913
SGSH,0.022953858454755054,0.23267750114291696
SGSM1,0.0089571531238482726,0.14701004929155173
SGTB,0.073674198764420551,0.40577485396080915
SH2B3,0.27461275137941182,0.75313271801481463
SH2D1A,0.12504523287498109,0.57197657221860643
SH2D1B,0.024307162372985164,0.25479694106683354
SH2D2A,0.085539583603205127,0.46113857958598115
SH2D3A,0.059793649689440669,0.37429043683067237
SH2D4B,0.015572540897608143,0.20349665179842655
SH3BGRL2,0.037706788787897162,0.27580557225410818
SH3BP5,0.21993924670896292,0.70638805361959212
SH3TC1,0.12770326245393257,0.53997698813764983
SH3YL1,0.25562224960583341,0.74635950676179041
SHD,0.08383592057128525,0.44467106451577748
SHE,0.002496363529485849,0.074788545386743038
SHF,0.041500101232873517,0.30547013536438178
SHISA2,0.0036787550071515043,0.094014229072356362
SIAH2,0.58011133417840277,1.0401969358734948
SIDT1,0.079403348639430354,0.429029684491048
SIDT1-AS1,0.055971813439076305,0.37277356749943213
SIGLEC10,0.068857915800158653,0.39235766418867557
SIRPG,0.050786623824470002,0.36133777905912695
SIT1,0.10616204278509316,0.51444501132808484
SKAP1,0.23685235775961139,0.74838018397460082
SKIL,0.19126697450394606,0.64844710854090659
SLA,0.40222984838376036,0.91160868267331252
SLA2,0.14134795266970229,0.55691274962430226
SLAMF1,0.02095184892308747,0.22973558388094731
SLAMF6,0.033282539530968304,0.28970390805269619
SLAMF7,0.088249637224673091,0.44875926345961598
SLC11A1,0.13385380475745876,0.54418393735670156
SLC14A1,0.046407921444501982,0.30436918527337292
SLC15A4,0.18068061297700094,0.63939356802641656
SLC16A11,0.011119784191964138,0.16870875992709311
SLC16A13,0.010105411667477181,0.15263832717110573
SLC16A6,0.03268412359419573,0.27776976781980522
SLC16A7,0.14985619132453365,0.56804018155702063
SLC18A2,0.055786454215986776,0.35121787828697437
SLC22A17,0.051525260522833113,0.33319619081941737
SLC23A3,0.0037379456592802522,0.091295545611761134
SLC25A23,0.023511113965856152,0.23101495328420482
SLC25A30-AS1,0.0041254514327091025,0.098317774936682908
SLC25A37,0.64353707666478688,1.1042896799132473
SLC25A39,0.84987425429357843,1.1760283564913399
SLC25A45,0.19710283257725397,0.6571934409342739
SLC26A11,0.020027495817451862,0.21993471078226087
SLC27A2,0.16653638526340961,0.57610127795266985
SLC2A1,0.22413448192426594,0.65206715659162684
SLC2A11,0.10779774392979478,0.48646376139254405
SLC2A3,0.43334844943641637,0.9892740401249126
SLC2A5,0.14370646445308172,0.57141711637075809
SLC2A6,0.091056215423219691,0.45502606967171938
SLC30A4,0.015875607516474675,0.19566485608872122
SLC35E3,0.26217037174500862,0.73982697571001421
SLC37A1,0.18685062468019531,0.62792583281665693
SLC37A3,0.077257801562905876,0.41492441551847759
SLC38A1,0.58350425978313436,1.0679440803163451
SLC39A13,0.087260599409181294,0.43497876302365396
SLC39A3,0.90997520509563168,1.2756532355597043
SLC39A4,0.44360958414186791,0.91180823046026294
SLC39A8,0.4804286725200379,0.95379392493439108
SLC3A1,0.0025765791240936141,0.079902425720975084
SLC40A1,0.57216822155037006,1.0880009892786064
SLC43A2,0.18051923680657192,0.63619756078353107
SLC44A1,0.36694916153272622,0.87502330203136069
SLC45A3,0.069418017709276261,0.40580830226196751
SLC4A1,0.12249875707227927,0.54083604017259934
SLC4A10,0.0087449233006369025,0.15791947759056302
SLC4A5,0.0059481876205829771,0.11841035575333754
SLC51A,0.019264822947588005,0.21111218485539168
SLC52A3,0.0018511254315367539,0.064321101765359656
SLC5A2,0.0063094706873127338,0.12121984302860878
SLC5A5,0.0034875530910692689,0.090051110064595943
SLC6A16,0.012826528671605043,0.17625595676185177
SLC6A4,0.0034470299493192355,0.088064187193903826
SLC7A6,0.11901901959927721,0.50857712408583688
SLC7A7,0.07798633306313979,0.43244904916543597
SLC8A1-AS1,0.048579655998980446,0.34955144916047509
SLC8B1,0.11271543460098443,0.50063097916332933
SLC9A9,0.079181086156906055,0.41661515879926148
SLCO4C1,0.012182894821216208,0.16983345478354747
SLFN5,0.1070608280251555,0.52028275587168038
SLPI,0.016701852636027418,0.20124582044466327
SMAD1,0.12763777196684559,0.52774816437056515
SMAD7,0.046239505675940373,0.33312432966324962
SMAGP,0.16552817338507556,0.60214123343650328
SMARCA5-AS1,0.0028370685388221595,0.07725237100120444
SMARCD3,0.051367099531647011,0.33694048112011932
SMC4,1.0679373379275401,1.3500985996318056
SMCR5,0.087493076510213902,0.44103476410822562
SMIM1,0.34268096126294745,0.86521226734702661
SMIM10,0.32381742064284397,0.81822391150700191
SMIM14,0.36760929136468656,0.89843776266077491
SMIM3,0.36897621932596025,0.90361882488865408
SMOX,0.088742214402951228,0.42603092053605168
SMPD1,0.13958518586052632,0.54835284463506195
SMPD3,0.066035573596202199,0.42177349534378866
SNAI3,0.039325330954584105,0.30169922283650835
SNCA,0.72806593727181557,1.1313465812248689
SNED1,0.013064748384910939,0.17401189087781924
SNHG12,0.28895797855596062,0.77942248827189942
SNHG7,1.4461969634089393,1.5295601723128627
SNN,0.092809907028592833,0.45748024205907412
SNRK,0.26215448114347367,0.74862905816426306
SNRNP25,0.8430636355986928,1.1912950108730913
SNTA1,0.023305102362707709,0.23124055146587583
SNTB2,0.040702752152285443,0.30190054723768267
SNTG2,0.0022161776239018644,0.072996283402075909
SNURF,0.010173659203287588,0.15411690663220584
SNX25,0.021653358685741229,0.22824090466265548
SNX29,0.169653050446673,0.6126495428657609
SNX3,2.1857204805499806,1.3981225899356786
SNX5,0.71671200653678124,1.1115428579819002
SNX9,0.21164896301386385,0.6583588179594273
SOBP,0.0043625784584450655,0.10370586578459186
SOCS1,0.11409300440657913,0.52510438305605167
SOCS2,0.55334436138084453,1.0939146029449265
SOCS3,0.34820778672530595,0.91351924957613018
SOD2,0.96852909443479951,1.2996485555657311
SORBS2,0.005644283070173786,0.11155048748303228
SORBS3,0.15098403383901635,0.57217047334904003
SORD,0.29146948483122287,0.74898773886155212
SORL1,0.60458139607844341,1.1022278681434694
SOX13,0.0040568426213973873,0.09749147839760075
SOX4,2.0127494847042144,1.8054523881083411
SOX5,0.0011459940067658301,0.052694637141065356
SP140,0.069740761893805125,0.41486537470750179
SPAG4,0.027397901102583805,0.25190498415551721
SPARC,0.27719861757203229,0.76361938843298782
SPATA6L,0.005587389471453692,0.11265240755899825
SPATS2L,0.18470715154388606,0.62051548644290344
SPCS1,2.1171953929898701,1.3934373257177166
SPCS2,1.775280597085658,1.3995137550935217
SPCS3,0.9598440967377273,1.2345983923945203
SPEG,0.0072275778028155048,0.13275986387067887
SPI1,0.69329937298131372,1.1758386660462552
SPIB,0.26038105399076228,0.82903668964157939
SPIN3,0.010568117879069555,0.15517611009082299
SPINK2,1.4055389954723125,1.8770131932688152
SPNS3,0.47686154865284447,0.99747049795630616
SPOCK2,0.24050059042040794,0.78254540821383467
SPON2,0.1790337391850815,0.67472193810122882
SPP1,0.011607091526574933,0.18298236681825825
SPRY1,0.30618604284897677,0.81122127973773139
SPRYD3,0.07624153735436999,0.40430680569064664
SPTAN1,0.24386888352135028,0.7251088761658433
SPTBN1,0.40311069521703163,0.91955414645055911
SPTSSB,0.010200698234491471,0.16887308108351531
SRGAP1,0.023383672051867827,0.22811761385133952
SRGN,2.9943776655647003,1.7348363364935708
SRP14-AS1,0.094694941895467219,0.45939135098342831
SSBP2,0.71614536643432991,1.169482967178433
SSPN,0.040626755964086589,0.30461718415928402
SSR3,1.2780998771141427,1.3416635486784787
SSR4,2.5152733155177205,1.4075411365496104
ST14,0.071049779014075179,0.39082400798689654
ST3GAL1,0.34210061812976345,0.83578307346679503
ST3GAL5,0.082802590445911373,0.4403606002245179
ST5,0.0075517938228037837,0.13240754712641004
ST6GALNAC3,0.0077970032820821721,0.13435076687825345
ST8SIA1,0.017389205162301927,0.19372984601171456
ST8SIA6,0.091648187433931841,0.44546399355131916
STAB1,0.051955738804114845,0.35426826731450867
STAG3,0.16152135364915168,0.60639228313688487
STAP1,0.085416488101540344,0.4373738524558235
STAR,0.041223095461433774,0.30071367159790224
STARD10,0.12616997459259457,0.53273218985186688
STARD9,0.10422524618602232,0.48816553296708459
STAT4,0.14307192252692003,0.59210079758140277
STAT5A,0.47187037224146955,0.95160980605613599
STEAP1B,0.0018727873488243788,0.069165074801901677
STEAP4,0.010371695133182224,0.15214123267238788
STIM2,0.28623349466699116,0.77746527641397378
STK17A,0.49029680367435496,1.0008963632585215
STK25,0.47960074774558203,0.93640376340458376
STK31,0.0017352333497133356,0.062085877900924638
STMN1,2.8159599180129118,1.9486761532951684
STMN2,0.0027660390380735817,0.08632439205598641
STMN3,0.41526229439478196,0.91512519868292719
STRADB,0.39583887950161645,0.86625400716178969
STRBP,0.41533635349324111,0.90294469961458179
STX11,0.22189441136598442,0.69220619060435906
STX16-NPEPL1,0.0043494803994770584,0.10223652832640527
STX1A,0.0047306486975153489,0.103157889402197
STX3,0.12160789530587438,0.51302258749129082
STXBP2,0.83001091279387429,1.2051485639397641
STXBP5,0.12750560661950244,0.52199099154035444
STXBP6,0.053656468698224331,0.36958950186057554
SUCNR1,0.098097554887556102,0.47675696437869547
SUGCT,0.0066298689644391905,0.12294240046118907
SULF2,0.18507584121118473,0.64132770645558645
SULT1B1,0.022656388766469169,0.22761072386375442
SUPT3H,0.22198370769503581,0.68625638771221609
SUSD3,0.25750542485190642,0.74606285928874427
SVIL,0.12416313443321021,0.52437399083961234
SVOPL,0.12138168255607473,0.5129619853847156
SWAP70,0.28874923559586807,0.77517859699032998
SYCP2,0.013930366287092542,0.17706088876728701
SYCP3,0.01113037203766222,0.15943011106336641
SYNE1,0.20021974428331665,0.6729934353480751
SYNE2,0.20630128566210354,0.71788795575709996
SYNE3,0.13860696642111636,0.55761710349624716
SYNGR1,1.0104940839265097,1.3420389019686798
SYNJ2,0.07777728660179753,0.41639920665182001
SYNJ2BP,0.25554606156834614,0.72848494584886181
SYNM,0.0066248902428366306,0.12709242666518972
SYNPO,0.0033147274353049752,0.089042822240977287
SYNPO2,0.0047546148425637322,0.10594173551167382
SYP,0.024516112843914528,0.23677906087071973
SYPL1,1.2297276400078734,1.3609149312243682
SYT11,0.11371035897313694,0.49897880601666628
SYT5,0.048544982329457177,0.33217308625944997
SYTL1,0.49411108254791397,0.99471231357896273
SYTL2,0.035631637410904825,0.29775540982256682
SYTL3,0.1261159208438592,0.56392351543137587
SYVN1,0.17702548417728869,0.61347033926698213
TAF1D,1.3855855069979151,1.4165668980924626
TAF9,1.1132096435793501,1.3286207150149685
TAGAP,0.3340464936898303,0.85194269022765878
TAGLN,0.033937247637099009,0.29575387588195828
TAOK3,1.2231245164877651,1.3582644954957055
TAP1,0.46598701935620435,0.94679946836103646
TARSL2,0.24343672772163594,0.7107848689886902
TAS2R4,0.0086187990633373058,0.14073254232012439
TBC1D10A,0.13037023906565459,0.5338259380364746
TBC1D10C,0.6516803703706886,1.1324145674863948
TBC1D17,0.10658099056413349,0.48404342452320315
TBC1D19,0.058004361198719386,0.35876808333057614
TBC1D4,0.077228141318592597,0.42004768053177199
TBC1D9,0.03119468690179035,0.26639235715453369
TBKBP1,0.03099199353084307,0.26668666030759502
TBX21,0.036681012474665729,0.30982734602259154
TBXA2R,0.036223130077153998,0.28132008057819058
TC2N,0.14308947776178968,0.58391523483615071
TCAP,0.013600616629274085,0.17326690890136193
TCEA3,0.031366471187774719,0.27820433815355572
TCEAL2,0.032865236277750898,0.28380681401243396
TCEAL4,0.81011778007454904,1.1954729710730037
TCEANC,0.0360775731669397,0.28352440555345826
TCF3,0.35218758665168409,0.84121604628667224
TCF4,0.99843124497496949,1.3879277457003909
TCF7,0.40849672337581533,0.94151170840860954
TCF7L1,0.0036393129367032506,0.090076845238306016
TCF7L2,0.15143227106153889,0.58470731429556289
TCL1A,0.20062189978727815,0.89672575126203169
TCL1B,0.025085124892097972,0.27167743516096687
TCOF1,0.63763996263304612,1.0769293070352863
TCP11L2,0.086233441573041858,0.45484011755029585
TCTEX1D1,0.15316698397754805,0.58007902686801038
TCTEX1D2,0.37732410922149717,0.85071964194196603
TEAD2,0.0029092825761498327,0.081656377306703012
TECPR1,0.10430919317578058,0.48050384313481853
TEPP,0.017646076839280371,0.2026053302646556
TESPA1,0.40603722678728255,0.91884138103519442
TEX29,0.00194376657092823,0.069012597957644445
TF,0.015779257377182998,0.2230958527559426
TFDP1,0.77720257787358582,1.157265569153809
TFPI,0.29498877103276738,0.78558850582155071
TFR2,0.28999885508539303,0.79442507464334478
TFRC,0.59163107679236193,1.0682332559587309
TGFB1I1,0.0492739911029463,0.32964285050523601
TGFBI,0.19588020676535114,0.69129506602801738
TGFBR3,0.043061512490716623,0.33032411517130711
TGIF1,0.330678761573036,0.82869345047802523
TGM1,0.0014664066315846699,0.057551116880120316
THAP6,0.096877249012012348,0.46285136827987133
THBD,0.031036008708166349,0.26163046604022722
THBS1,0.044912168688461498,0.33609116656036903
THEMIS,0.047310977073342926,0.3518052483703426
THY1,0.0084699982273980946,0.14123825257345762
TIFA,0.26383177507922956,0.75229949385762163
TIFAB,0.06868677708798597,0.38720284157511808
TIGIT,0.056839887710208356,0.39366370570178733
TIMD4,0.0030435276204921115,0.085138378774444579
TIMP1,0.9550447407347239,1.3044824367840948
TIMP3,0.097829165970845275,0.46053007221979875
TINCR,0.0071995661655252351,0.12630681369031088
TIPARP,0.22283407906490893,0.69080925486946831
TK1,0.61038284121359354,1.1376386730544843
TKTL1,0.013611842401909021,0.19208118215120937
TLCD2,0.0099719664235096272,0.14990967328831764
TLE1,0.14934630390329243,0.57662938724262947
TLE2,0.0079442284383558163,0.1421499010005996
TLE4,0.72753483039365729,1.1676966605163643
TLN1,0.9451869155870376,1.2468021589088421
TLR10,0.034689444720991974,0.28472007879064859
TM4SF1,0.092417201500176294,0.46959381054207544
TM7SF3,0.68211335657816952,1.0999133430378119
TMC4,0.0097854707862845645,0.15049283039276415
TMC8,0.4141036200219424,0.91109688666944832
TMCC2,0.031474741885693165,0.25068414156934782
TMCC3,0.012023902874521659,0.16906829205841375
TMED9,1.3366464260959767,1.3514265613894598
TMEM105,0.0020733620477417234,0.069837874685733839
TMEM106C,0.58085728908775858,1.0321109058452476
TMEM107,0.51117572969051717,1.0028635050848893
TMEM130,0.003588044658377124,0.089908690438177702
TMEM140,0.050218865195954657,0.34038605128400962
TMEM141,0.71030905915076037,1.1044665735993042
TMEM14B,1.788316265919256,1.4666947484896751
TMEM14C,1.5823414922084342,1.5200496995456267
TMEM154,0.1471194372996622,0.57884281801707116
TMEM156,0.25506082541419522,0.73575053590918948
TMEM161B-AS1,0.15706378680779653,0.57811684215759063
TMEM169,0.0024913449191736286,0.078451006058926423
TMEM170B,0.11571454392610633,0.51276962680958083
TMEM176A,0.031284965580306405,0.27551728162545874
TMEM176B,0.051537108292216686,0.35522470854932564
TMEM191C,0.038540494871405026,0.29719537376507571
TMEM200A,0.012103546539553882,0.17107363776161649
TMEM204,0.057216612120149675,0.36529843928756334
TMEM243,0.6788919382138805,1.1456846138108576
TMEM246,0.13480920103270644,0.53790469732540847
TMEM258,2.3915444849993786,1.4225272601389609
TMEM30B,0.0070863328729925974,0.13541753354851618
TMEM38A,0.01493269090554683,0.19370401224138573
TMEM40,0.0091772321926573679,0.16439118344660389
TMEM45B,0.0040710294638047874,0.098349523523928534
TMEM56,0.089047687875040277,0.41709463952219072
TMEM63A,0.18378670191211566,0.63068961971336657
TMEM71,0.15445356913542824,0.58588323162374534
TMEM8B,0.043206420727390345,0.31178919204055833
TMEM91,0.20169637653296985,0.66043263266025831
TMEM97,0.38742604644399575,0.85342287568830133
TMIE,0.0048387611119544956,0.10787779822454188
TMIGD2,0.37562112212676885,0.8798403797986204
TMOD2,0.03662209893789474,0.29300927768421225
TMPO,0.89572444477248125,1.2278206021180971
TMSB4X,5.5220332328355859,1.2449279616262112
TNC,0.0080171784839716247,0.15334577537073402
TNF,0.039151824990539999,0.31575177342709176
TNFAIP2,0.11497355969534828,0.50565657681319798
TNFAIP3,0.5391161052148794,1.1173871125019996
TNFAIP6,0.020364709307246178,0.22845885156276027
TNFRSF10D,0.021400573916559737,0.22076075657547609
TNFRSF13B,0.031983009678101505,0.29200132840092891
TNFRSF13C,0.06959252457006114,0.42550916031814018
TNFRSF14,0.47076145356981769,0.97145866965946925
TNFRSF17,0.042182679342917598,0.34548206388561886
TNFRSF18,0.062393148228654619,0.40203606792074092
TNFRSF1A,0.51313672055181514,0.9899615307288292
TNFRSF1B,0.2459658870535858,0.73800522214371755
TNFRSF21,0.14236206821770989,0.564937538210316
TNFRSF25,0.12609288191134829,0.538648330320318
TNFRSF4,0.068743109815376652,0.43137990922548675
TNFRSF9,0.0093718032438821243,0.15267443077235451
TNFSF10,0.22812660325222706,0.70325814258153208
TNFSF12,0.085305646632567136,0.45205956235708977
TNFSF13B,0.83374397117228938,1.2691413964033156
TNFSF4,0.094637057155526533,0.46487598115011441
TNFSF8,0.038773127267994818,0.30579500833246348
TNFSF9,0.024177515242961353,0.23800005165374308
TNIK,0.15821547328074012,0.58474410338439864
TNK1,0.011048399526637255,0.16081542037838942
TNNC1,0.0028102083519073824,0.084709407542285953
TNNC2,0.026197609093303049,0.24647945272266952
TNNI2,0.14548946716715494,0.58094715222881654
TNNT1,0.07064287626444625,0.40458272883262092
TNRC6C,0.20618883090642268,0.66569225794502351
TOB1,0.33815665446348814,0.8526697161259249
TOP2A,0.5438286279004193,1.133949930533537
TOP2B,0.85554649514711067,1.2242851494561191
TOX,0.13155742040001514,0.5439481043654284
TOX2,0.029036423993173795,0.27216512927503317
TP53INP1,0.14907031093778522,0.5879971126987743
TPBG,0.030278458520481704,0.26466096119029053
TPD52,0.41898263015124676,0.90810091614788868
TPGS2,0.93150186458762041,1.2354289151451749
TPH1,0.014082361340781793,0.17800376763172074
TPM1,0.56794265440980807,1.1002017463922376
TPM2,0.12369964178645247,0.55822504360584224
TPPP3,0.025028241499666527,0.2477151865138566
TPSAB1,0.11824268652269745,0.57753483007696738
TRABD2A,0.076844501763090475,0.445523701424962
TRADD,0.36054341307191584,0.85080120087289468
TRAF1,0.039290715183767012,0.31107689574603054
TRAF3IP3,0.68170773027635623,1.1491529539630394
TRAF4,0.16656753742792799,0.60965577929065229
TRAF5,0.25109475793536651,0.74187782635410049
TRAK2,0.1259360540818357,0.49854012431860567
TRAP1,0.39976045515466918,0.86681794350132746
TRAPPC2,0.26791176224399216,0.74179046271346627
TRAT1,0.089574387852400253,0.48638957148214279
TREM1,0.074912921017158657,0.41724460293494042
TREML1,0.015676897010800307,0.20919951470572154
TRH,0.10290151663995238,0.48919986788208036
TRIB1,0.13085056374061615,0.54864119300395331
TRIB2,0.18355479870866012,0.64152248470243389
TRIM17,0.0031590457187858387,0.083548696682823984
TRIM2,0.015621863257506962,0.19002057647090942
TRIM22,0.42370711900903452,0.92665296339191972
TRIM23,0.059891634810000809,0.36637421511405788
TRIM3,0.016536904256981858,0.19094814444105029
TRIM39,0.058044049395331136,0.35849423225328858
TRIM46,0.021570235249984367,0.22392729380625601
TRIM58,0.20971483384406581,0.64459105438165509
TRIM60,0.005167082972015619,0.10845493668937521
TRIM62,0.019585127332322733,0.21251152480528718
TRIM73,0.078057086555974139,0.41556103360145097
TRPC1,0.0065705991956134871,0.12094255722660976
TRPS1,0.14683535842499035,0.57022550685568851
TSC22D1,0.94769888630155441,1.3837001463018832
TSC22D3,2.2437402933882526,1.6174529182334196
TSGA10,0.11049180029871637,0.48886537247319223
TSHZ2,0.034942453518057581,0.30383644136997473
TSPAN13,0.47133230395605491,0.95153548601213722
TSPAN14,0.31686014515558553,0.80578234944168103
TSPAN15,0.015347113950076718,0.1851412932676047
TSPAN17,0.20882158302195147,0.65083057106267395
TSPAN2,0.10243622909890114,0.48233330712847478
TSPAN33,0.092108405286177697,0.44443177514046028
TSPAN5,0.11160728822625354,0.46924336505714154
TSPO,2.1817310412003379,1.471531232501633
TSPO2,0.031822084871605733,0.2292688174288442
TSPYL1,0.55259459632895758,1.0221797494112816
TSPYL2,0.32727799684855508,0.85487860805483318
TSSK6,0.0064566558157506462,0.12032079768542887
TTC21A,0.025393249811668489,0.24773280086321597
TTC22,0.0085986646405384701,0.14402952496541813
TTC27,0.19490530827590694,0.63206167886225828
TTC3,1.3693732220661561,1.3882206143958664
TTC38,0.14805108367933342,0.55494648792385315
TTC39B,0.063609729483222785,0.3848940871833294
TTC39C,0.31622905307134785,0.80853931090118525
TTC9,0.037976722412786247,0.29786280632995277
TTLL7,0.039176668168640093,0.29369494954255432
TTN,0.04830675049346423,0.34665379306672411
TTPAL,0.15237562623477771,0.57162445979990484
TTYH1,0.0081335645776874164,0.13721146095891804
TUBA1A,1.8292818588630977,1.5388423179857187
TUBA1B,3.1766789062613299,1.9181844468881433
TUBA4A,0.41200606305681614,0.94281723195000255
TUBB,2.5297371950823897,1.8112615768547442
TUBB1,0.020972904618499381,0.23557042137033782
TUBB2A,0.13746812611154555,0.53700402904565636
TUBB4B,1.1681423058065918,1.4211227428267756
TUBG1,0.32925470555171449,0.77571846904974262
TXK,0.11622286679372044,0.5386697262451009
TXLNB,0.012881512733618644,0.17050719089749636
TXNDC11,0.22256287465084107,0.6770175281991041
TXNDC15,0.28547396805280822,0.75176174179512867
TXNDC5,0.018628011255952485,0.1930917336585497
TYMP,0.55606531290993988,1.0935223492489268
TYMS,1.1169677860582079,1.490478893850671
TYROBP,1.0683019684793718,1.5940517185770207
UBAC1,0.46182484587804601,0.94559482028563824
UBASH3B,0.14760539811093154,0.56801021079557301
UBE2C,0.60527503980020003,1.2314214601445135
UBE2J1,1.0113060320046758,1.2727366273049112
UBL3,0.25562705338474784,0.7386575581006668
UBL7,0.60258288468871879,1.0311219294001226
UCHL1,0.087510908604955251,0.44344490774338652
UGCG,0.25017507790096538,0.76069816150383451
ULBP2,0.0029335226381740544,0.081916765173043291
UMODL1,0.053348443964603129,0.35332956893931811
UNG,0.51377982454131721,1.0084172829889817
UNKL,0.13013673137888335,0.53277256743221546
UPB1,0.0059053627892376535,0.11554086631878409
UPK1B,0.0014344727692701524,0.056258996402310246
UPK3A,0.078025782480456482,0.41292505380893829
UPP1,0.18655608735364931,0.65558820891503944
UROD,1.0462442680656072,1.3540397539262825
UROS,0.86862656759751933,1.2008250222438701
USP1,0.99981462132152055,1.2845469569286703
USP10,0.48808216817139233,0.94868102856022596
USP28,0.081194779448048801,0.42491962069393729
USP30-AS1,0.064484072633509054,0.38020031556616385
USP44,0.0084809213112795635,0.14403164710076655
USP53,0.090408410042991799,0.44868401754697645
UST,0.0086938708852651505,0.14110270158378657
UTRN,0.43378623049581511,0.93750645505382457
UTS2,0.017915584978191512,0.20997723734017409
VAC14,0.14162249813568262,0.52752186578919691
VAMP1,0.097771175628144899,0.45980242939795851
VAMP5,0.98726961647123734,1.323783419467889
VAMP8,2.6339555671609953,1.5343813456213449
VASH1,0.035669808496385985,0.27699513596963976
VASN,0.01428178624365912,0.18714920090884585
VAT1,0.22773440027956143,0.69092068472832879
VAV3-AS1,0.010068015915406748,0.15118755653353155
VCAM1,0.017277330922045954,0.24536225135189152
VCAN,0.2228186036752709,0.8339416822186666
VDAC1,1.5254159788355417,1.4339781875576767
VEGFB,0.20947179952227205,0.67448345641638197
VIM,3.1410904493249423,1.6970926293852659
VIPR1,0.021469581908397588,0.22189830420375078
VIPR2,0.014823835728375223,0.19758303820196876
VLDLR,0.012225907415084815,0.1698691627445893
VMO1,0.016236135828310468,0.20979228854963236
VNN2,0.063629288954121885,0.38723886093907739
VPREB1,0.54189177295187385,1.3286082993863586
VPREB3,0.389918633901155,1.1796455927699527
VSIG2,0.0020213226477305093,0.070085094715780047
VSIG8,0.0051881274579134214,0.10674881838659832
VWF,0.030080880689234049,0.26103722816052544
WARS,0.26080888861966989,0.71624930440058743
WASF1,0.19351198092844674,0.64512627392393862
WBP2NL,0.028768074075777597,0.25954079957979259
WDFY4,0.12079448009723961,0.5098411111571316
WDR37,0.10934350250635774,0.48805526877743916
WDR49,0.050610816581126039,0.33556892649899228
WDR66,0.04651652567770069,0.32929334010116407
WDR86,0.013794919056890615,0.18090392566843785
WFDC1,0.038466437131322279,0.28858821615059022
WFS1,0.019084151106493662,0.21032139824694096
WNK3,0.0037357475027546198,0.094332814778955887
WNT10A,0.015689979262011045,0.19264912231044112
WNT2B,0.016405597759671663,0.19530056795393086
WWP1,0.1333485630168168,0.53813259152001169
WWTR1,0.007399945067009194,0.13152572930142534
XAF1,0.29780708136922468,0.78674808717430877
XBP1,1.5185406995977575,1.4816707273774865
XCL1,0.049828171484167794,0.39755660322179182
XCL2,0.092570830207112417,0.5370665479056238
XKR4,0.0033768594761790687,0.087857767972758849
XKR9,0.0031640808390625596,0.085138657536064005
XPO7,0.18255905760018964,0.60625056080849848
XRRA1,0.17100706513875727,0.60430739504085151
XXYLT1-AS2,0.063969017220521285,0.39783452997915292
YARS,0.49615021091865946,0.95423947556590583
YES1,0.081152490319367568,0.42222092485271973
YPEL1,0.16418785686240611,0.60055016532132288
YPEL3,0.50408564034274939,1.0334496234947408
YPEL4,0.030018176859934138,0.22787099142466666
YPEL5,1.3770746747270219,1.4000307004956194
ZAP70,0.19302074264383626,0.69060855559471357
ZBED5,0.22527028966236967,0.68804762552870524
ZBP1,0.095652139158730373,0.49582478945953573
ZBTB10,0.20805386621728889,0.66620416154911932
ZBTB16,0.25951970382738704,0.75342857073980662
ZBTB20,0.41486967478759212,0.93958666893640619
ZBTB20-AS2,0.016371242586153217,0.20022453011014565
ZBTB20-AS4,0.0049310059089917079,0.10558700817982913
ZBTB25,0.15963425252333899,0.59287916481120251
ZBTB32,0.0095279246574750762,0.15518981599314144
ZBTB37,0.075909707247765704,0.41369831880412061
ZBTB38,0.19033455166419591,0.64026812035259029
ZBTB4,0.10183124261768285,0.47092807986311591
ZBTB41,0.042132154016535389,0.30751275618073437
ZBTB49,0.034278240772989299,0.2753146578137482
ZBTB8B,0.005080589922016634,0.10690899059750167
ZC3H12A,0.10681609601569594,0.49395402955850992
ZC3H12B,0.0063813320972157441,0.12051501701056178
ZC3H12D,0.036688207044065252,0.29709823793167212
ZC3H6,0.14672918117984521,0.56603966432159192
ZCCHC18,0.020839622498586608,0.21541169669098703
ZCCHC7,0.62917357855293365,1.13354967423522
ZCWPW1,0.079390294889839716,0.42315480080870865
ZDBF2,0.019866977487253447,0.21741819066302301
ZDHHC17,0.18189069801130661,0.62297676849400441
ZDHHC19,0.0095855786570780976,0.14971854479465993
ZEB1,0.21349855258665235,0.67411901080928094
ZFAS1,3.1232489482010504,1.5456899355918134
ZFAT,0.062702333278270544,0.37658875741269404
ZFP14,0.21034514318174974,0.67411255016302718
ZFP2,0.0034676033138637914,0.088282738085894472
ZFP36,1.5517795125155711,1.6175913669121769
ZFP36L1,0.69735164116224946,1.1827551507041014
ZFP36L2,2.708429191907328,1.5444116366212641
ZFP37,0.0060358221418237365,0.11825956079256578
ZFP82,0.073185720762835263,0.39931037387631135
ZFR2,0.004624938751550834,0.10695444936738747
ZFYVE28,0.038373945543351905,0.29978451538559059
ZHX2,0.072035676072654362,0.40960607054410991
ZMAT1,0.18591805916792298,0.64304303309639599
ZMAT3,0.13823423415286856,0.55340190460117733
ZMIZ1-AS1,0.0021498226994788841,0.070807979680640926
ZNF101,0.1536802528726437,0.58789690068705502
ZNF107,0.099807487744181578,0.46601036499657145
ZNF14,0.035248321639716022,0.28436823540033085
ZNF154,0.044006717426536314,0.31430841149138894
ZNF160,0.11847295649888487,0.50774105839120842
ZNF169,0.061041729264818836,0.37049176866216077
ZNF208,0.017253188638331134,0.19988878335449028
ZNF224,0.19952043754002419,0.65354505032495114
ZNF250,0.049930353208120656,0.32782809953558806
ZNF26,0.13386933615166471,0.54016371495663573
ZNF274,0.28621521926143956,0.77021933394196995
ZNF30,0.021029210607882647,0.21559245120521883
ZNF331,0.32626623318480596,0.85532430573931351
ZNF382,0.029799594013614213,0.25753643192688774
ZNF385A,0.17434192072101043,0.59372625419649483
ZNF385D,0.14924802882831467,0.58058829633183628
ZNF397,0.20162948628734115,0.65615154156721622
ZNF439,0.19659674629582208,0.65466860954392991
ZNF441,0.034230481504123125,0.28269367461138539
ZNF467,0.07647797634400523,0.41188373888598151
ZNF483,0.01083198603572238,0.16101487833016029
ZNF493,0.2793067550496478,0.7623489727254793
ZNF503,0.07063714509288932,0.39756508064759838
ZNF506,0.14769914241029183,0.56577766540147645
ZNF525,0.067944962716745314,0.38356958086393628
ZNF540,0.012587710322588713,0.17265186863806284
ZNF552,0.051752954801385059,0.33798194652635288
ZNF557,0.091958138091793096,0.45054790949444112
ZNF559,0.15252388469759004,0.56995685085495063
ZNF563,0.03548353180261949,0.27860668396239113
ZNF564,0.044995486721626128,0.32461140514509684
ZNF570,0.04648619140399371,0.32328919229594877
ZNF571,0.036324064485784895,0.28649871577253916
ZNF582-AS1,0.029861144471081097,0.25646828174380604
ZNF608,0.041700309664952001,0.31300795190381503
ZNF652,0.26395233338222557,0.74472666801173049
ZNF683,0.01316098225224388,0.18901018371911552
ZNF699,0.04370373670511854,0.31722514027556509
ZNF703,0.029400566572196585,0.26478354193042547
ZNF708,0.1331040744364986,0.54005895910131674
ZNF709,0.0089020269063555674,0.14293903386461754
ZNF75A,0.28861103861170212,0.77472975710146941
ZNF780B,0.065713234083379063,0.3837639183820224
ZNF781,0.037104591920515538,0.29392614417769508
ZNF786,0.039983104842840116,0.29868892891574372
ZNF793,0.096380242731956181,0.46964550199353655
ZNF821,0.076190370415980715,0.41714434475725537
ZNF831,0.011419239450619713,0.17037734028293894
ZNF836,0.07867512386766512,0.41966634925034035
ZNF853,0.015120888606079113,0.19053975104828882
ZNF862,0.026686957900657053,0.24760206892131578
ZNF879,0.037080555134330513,0.29067534957930458
ZNF880,0.17050033964182812,0.60690054711891372
ZNF891,0.076968125639269705,0.41453559073391189
ZNF91,0.20948591082934054,0.66921306731836028
ZSCAN18,0.28378135946153615,0.76492733898548593
ZSWIM8,0.14442278278018078,0.55745274937997247
ZWINT,0.61149036081069807,1.0757786652934789
ZXDA,0.025057649303010375,0.23914548100897515
